resource_type,id,name,company,website,location,public_access,logo_url,attr:alpha3,attr:numeric,full_name,owner_id,owner_type,source_type,default_locale,description,supported_locales,custom_validation_schema,external_id,canonical_url,hierarchy_meaning,hierarchy_root_url,internal_reference_id,meta,collection_reference,publisher,purpose,copyright,revision_date,experimental,jurisdiction,content_type,case_sensitive,compositional,version_needed,external_id,retired,datatype,concept_class,source,description[1],description[2],name[1],name_type[1],parent_concept_urls[0],map_type[0],map_from_concept_id[0],map_to_concept_id[0],map_type,to_concept_url,from_concept_url,attr:extra_names,collection_type,immutable,jurisdiction[1],jurisdiction[2],collection_url,data:expressions,name_type,name_locale
Concept,AF,AF,,,por,,,AFG,4,,ISO,Organization,,por,Afghanistan,,,,,,,,,,,,,,,,,TRUE,,TRUE,,,Text,Misc,iso3166,,,,,,,,,,,,,,,,,,,,
Concept,AL,AL,,,por,,,ALB,8,,ISO,Organization,,por,Albania,,,,,,,,,,,,,,,,,TRUE,,TRUE,,,text,Misc,iso3166,,,,,,,,,,,,,,,,,,,,
Concept,DZ,DZ,,,por,,,DZA,12,,ISO,Organization,,por,Algeria,,,,,,,,,,,,,,,,,TRUE,,TRUE,,,Text,Misc,iso3166,,,,,,,,,,,,,,,,,,,,
Concept,AS,AS,,,por,,,ASM,16,,ISO,Organization,,por,American Samoa,,,,,,,,,,,,,,,,,TRUE,,TRUE,,,Text,Misc,iso3166,,,,,,,,,,,,,,,,,,,,
Concept,AD,AD,,,por,,,AND,20,,ISO,Organization,,por,Andorra,,,,,,,,,,,,,,,,,TRUE,,TRUE,,,Text,Misc,iso3166,,,,,,,,,,,,,,,,,,,,
Concept,AO,AO,,,por,,,AGO,24,,ISO,Organization,,por,Angola,,,,,,,,,,,,,,,,,TRUE,,TRUE,,,Text,Misc,iso3166,,,,,,,,,,,,,,,,,,,,
Concept,AI,AI,,,por,,,AIA,660,,ISO,Organization,,por,Anguilla,,,,,,,,,,,,,,,,,TRUE,,TRUE,,,Text,Misc,iso3166,,,,,,,,,,,,,,,,,,,,
Concept,AQ,AQ,,,por,,,ATA,10,,ISO,Organization,,por,Antarctica,,,,,,,,,,,,,,,,,TRUE,,TRUE,,,Text,Misc,iso3166,,,,,,,,,,,,,,,,,,,,
Concept,AG,AG,,,por,,,ATG,28,,ISO,Organization,,por,Antigua and Barbuda,,,,,,,,,,,,,,,,,TRUE,,TRUE,,,Text,Misc,iso3166,,,,,,,,,,,,,,,,,,,,
Concept,AR,AR,,,por,,,ARG,32,,ISO,Organization,,por,Argentina,,,,,,,,,,,,,,,,,TRUE,,TRUE,,,Text,Misc,iso3166,,,,,,,,,,,,,,,,,,,,
Concept,AM,AM,,,por,,,ARM,51,,ISO,Organization,,por,Armenia,,,,,,,,,,,,,,,,,TRUE,,TRUE,,,Text,Misc,iso3166,,,,,,,,,,,,,,,,,,,,
Concept,AW,AW,,,por,,,ABW,533,,ISO,Organization,,por,Aruba,,,,,,,,,,,,,,,,,TRUE,,TRUE,,,Text,Misc,iso3166,,,,,,,,,,,,,,,,,,,,
Concept,AU,AU,,,por,,,AUS,36,,ISO,Organization,,por,Australia,,,,,,,,,,,,,,,,,TRUE,,TRUE,,,Text,Misc,iso3166,,,,,,,,,,,,,,,,,,,,
Concept,AT,AT,,,por,,,AUT,40,,ISO,Organization,,por,Austria,,,,,,,,,,,,,,,,,TRUE,,TRUE,,,Text,Misc,iso3166,,,,,,,,,,,,,,,,,,,,
Concept,AZ,AZ,,,por,,,AZE,31,,ISO,Organization,,por,Azerbaijan,,,,,,,,,,,,,,,,,TRUE,,TRUE,,,Text,Misc,iso3166,,,,,,,,,,,,,,,,,,,,
Concept,BS,BS,,,por,,,BHS,44,,ISO,Organization,,por,Bahamas (the),,,,,,,,,,,,,,,,,TRUE,,TRUE,,,Text,Misc,iso3166,,,,,,,,,,,,,,,,,,,,
Concept,BH,BH,,,por,,,BHR,48,,ISO,Organization,,por,Bahrain,,,,,,,,,,,,,,,,,TRUE,,TRUE,,,Text,Misc,iso3166,,,,,,,,,,,,,,,,,,,,
Concept,BD,BD,,,por,,,BGD,50,,ISO,Organization,,por,Bangladesh,,,,,,,,,,,,,,,,,TRUE,,TRUE,,,Text,Misc,iso3166,,,,,,,,,,,,,,,,,,,,
Concept,BB,BB,,,por,,,BRB,52,,ISO,Organization,,por,Barbados,,,,,,,,,,,,,,,,,TRUE,,TRUE,,,Text,Misc,iso3166,,,,,,,,,,,,,,,,,,,,
Concept,BY,BY,,,por,,,BLR,112,,ISO,Organization,,por,Belarus,,,,,,,,,,,,,,,,,TRUE,,TRUE,,,Text,Misc,iso3166,,,,,,,,,,,,,,,,,,,,
Concept,BE,BE,,,por,,,BEL,56,,ISO,Organization,,por,Belgium,,,,,,,,,,,,,,,,,TRUE,,TRUE,,,Text,Misc,iso3166,,,,,,,,,,,,,,,,,,,,
Concept,BZ,BZ,,,por,,,BLZ,84,,ISO,Organization,,por,Belize,,,,,,,,,,,,,,,,,TRUE,,TRUE,,,Text,Misc,iso3166,,,,,,,,,,,,,,,,,,,,
Concept,BJ,BJ,,,por,,,BEN,204,,ISO,Organization,,por,Benin,,,,,,,,,,,,,,,,,TRUE,,TRUE,,,Text,Misc,iso3166,,,,,,,,,,,,,,,,,,,,
Concept,BM,BM,,,por,,,BMU,60,,ISO,Organization,,por,Bermuda,,,,,,,,,,,,,,,,,TRUE,,TRUE,,,Text,Misc,iso3166,,,,,,,,,,,,,,,,,,,,
Concept,BT,BT,,,por,,,BTN,64,,ISO,Organization,,por,Bhutan,,,,,,,,,,,,,,,,,TRUE,,TRUE,,,Text,Misc,iso3166,,,,,,,,,,,,,,,,,,,,
Concept,BO,BO,,,por,,,BOL,68,,ISO,Organization,,por,Bolivia (Plurinational State of),,,,,,,,,,,,,,,,,TRUE,,TRUE,,,Text,Misc,iso3166,,,,,,,,,,,,,,,,,,,,
Concept,BQ,BQ,,,por,,,BES,535,,ISO,Organization,,por,"Bonaire, Sint Eustatius and Saba",,,,,,,,,,,,,,,,,TRUE,,TRUE,,,Text,Misc,iso3166,,,,,,,,,,,,,,,,,,,,
Concept,BA,BA,,,por,,,BIH,70,,ISO,Organization,,por,Bosnia and Herzegovina,,,,,,,,,,,,,,,,,TRUE,,TRUE,,,Text,Misc,iso3166,,,,,,,,,,,,,,,,,,,,
Concept,BW,BW,,,por,,,BWA,72,,ISO,Organization,,por,Botswana,,,,,,,,,,,,,,,,,TRUE,,TRUE,,,Text,Misc,iso3166,,,,,,,,,,,,,,,,,,,,
Concept,BV,BV,,,por,,,BVT,74,,ISO,Organization,,por,Bouvet Island,,,,,,,,,,,,,,,,,TRUE,,TRUE,,,Text,Misc,iso3166,,,,,,,,,,,,,,,,,,,,
Concept,BR,BR,,,por,,,BRA,76,,ISO,Organization,,por,Brazil,,,,,,,,,,,,,,,,,TRUE,,TRUE,,,Text,Misc,iso3166,,,,,,,,,,,,,,,,,,,,
Concept,IO,IO,,,por,,,IOT,86,,ISO,Organization,,por,British Indian Ocean Territory (the),,,,,,,,,,,,,,,,,TRUE,,TRUE,,,Text,Misc,iso3166,,,,,,,,,,,,,,,,,,,,
Concept,BN,BN,,,por,,,BRN,96,,ISO,Organization,,por,Brunei Darussalam,,,,,,,,,,,,,,,,,TRUE,,TRUE,,,Text,Misc,iso3166,,,,,,,,,,,,,,,,,,,,
Concept,BG,BG,,,por,,,BGR,100,,ISO,Organization,,por,Bulgaria,,,,,,,,,,,,,,,,,TRUE,,TRUE,,,Text,Misc,iso3166,,,,,,,,,,,,,,,,,,,,
Concept,BF,BF,,,por,,,BFA,854,,ISO,Organization,,por,Burkina Faso,,,,,,,,,,,,,,,,,TRUE,,TRUE,,,Text,Misc,iso3166,,,,,,,,,,,,,,,,,,,,
Concept,BI,BI,,,por,,,BDI,108,,ISO,Organization,,por,Burundi,,,,,,,,,,,,,,,,,TRUE,,TRUE,,,Text,Misc,iso3166,,,,,,,,,,,,,,,,,,,,
Concept,CV,CV,,,por,,,CPV,132,,ISO,Organization,,por,Cabo Verde,,,,,,,,,,,,,,,,,TRUE,,TRUE,,,Text,Misc,iso3166,,,,,,,,,,,,,,,,,,,,
Concept,KH,KH,,,por,,,KHM,116,,ISO,Organization,,por,Cambodia,,,,,,,,,,,,,,,,,TRUE,,TRUE,,,Text,Misc,iso3166,,,,,,,,,,,,,,,,,,,,
Concept,CM,CM,,,por,,,CMR,120,,ISO,Organization,,por,Cameroon,,,,,,,,,,,,,,,,,TRUE,,TRUE,,,Text,Misc,iso3166,,,,,,,,,,,,,,,,,,,,
Concept,CA,CA,,,por,,,CAN,124,,ISO,Organization,,por,Canada,,,,,,,,,,,,,,,,,TRUE,,TRUE,,,Text,Misc,iso3166,,,,,,,,,,,,,,,,,,,,
Concept,KY,KY,,,por,,,CYM,136,,ISO,Organization,,por,Cayman Islands (the),,,,,,,,,,,,,,,,,TRUE,,TRUE,,,Text,Misc,iso3166,,,,,,,,,,,,,,,,,,,,
Concept,CF,CF,,,por,,,CAF,140,,ISO,Organization,,por,Central African Republic (the),,,,,,,,,,,,,,,,,TRUE,,TRUE,,,Text,Misc,iso3166,,,,,,,,,,,,,,,,,,,,
Concept,TD,TD,,,por,,,TCD,148,,ISO,Organization,,por,Chad,,,,,,,,,,,,,,,,,TRUE,,TRUE,,,Text,Misc,iso3166,,,,,,,,,,,,,,,,,,,,
Concept,CL,CL,,,por,,,CHL,152,,ISO,Organization,,por,Chile,,,,,,,,,,,,,,,,,TRUE,,TRUE,,,Text,Misc,iso3166,,,,,,,,,,,,,,,,,,,,
Concept,CN,CN,,,por,,,CHN,156,,ISO,Organization,,por,China,,,,,,,,,,,,,,,,,TRUE,,TRUE,,,Text,Misc,iso3166,,,,,,,,,,,,,,,,,,,,
Concept,CX,CX,,,por,,,CXR,162,,ISO,Organization,,por,Christmas Island,,,,,,,,,,,,,,,,,TRUE,,TRUE,,,Text,Misc,iso3166,,,,,,,,,,,,,,,,,,,,
Concept,CC,CC,,,por,,,CCK,166,,ISO,Organization,,por,Cocos (Keeling) Islands (the),,,,,,,,,,,,,,,,,TRUE,,TRUE,,,Text,Misc,iso3166,,,,,,,,,,,,,,,,,,,,
Concept,CO,CO,,,por,,,COL,170,,ISO,Organization,,por,Colombia,,,,,,,,,,,,,,,,,TRUE,,TRUE,,,Text,Misc,iso3166,,,,,,,,,,,,,,,,,,,,
Concept,KM,KM,,,por,,,COM,174,,ISO,Organization,,por,Comoros (the),,,,,,,,,,,,,,,,,TRUE,,TRUE,,,Text,Misc,iso3166,,,,,,,,,,,,,,,,,,,,
Concept,CD,CD,,,por,,,COD,180,,ISO,Organization,,por,Congo (the Democratic Republic of the),,,,,,,,,,,,,,,,,TRUE,,TRUE,,,Text,Misc,iso3166,,,,,,,,,,,,,,,,,,,,
Concept,CG,CG,,,por,,,COG,178,,ISO,Organization,,por,Congo (the),,,,,,,,,,,,,,,,,TRUE,,TRUE,,,Text,Misc,iso3166,,,,,,,,,,,,,,,,,,,,
Concept,CK,CK,,,por,,,COK,184,,ISO,Organization,,por,Cook Islands (the),,,,,,,,,,,,,,,,,TRUE,,TRUE,,,Text,Misc,iso3166,,,,,,,,,,,,,,,,,,,,
Concept,CR,CR,,,por,,,CRI,188,,ISO,Organization,,por,Costa Rica,,,,,,,,,,,,,,,,,TRUE,,TRUE,,,Text,Misc,iso3166,,,,,,,,,,,,,,,,,,,,
Concept,HR,HR,,,por,,,HRV,191,,ISO,Organization,,por,Croatia,,,,,,,,,,,,,,,,,TRUE,,TRUE,,,Text,Misc,iso3166,,,,,,,,,,,,,,,,,,,,
Concept,CU,CU,,,por,,,CUB,192,,ISO,Organization,,por,Cuba,,,,,,,,,,,,,,,,,TRUE,,TRUE,,,Text,Misc,iso3166,,,,,,,,,,,,,,,,,,,,
Concept,CW,CW,,,por,,,CUW,531,,ISO,Organization,,por,Curaçao,,,,,,,,,,,,,,,,,TRUE,,TRUE,,,Text,Misc,iso3166,,,,,,,,,,,,,,,,,,,,
Concept,CY,CY,,,por,,,CYP,196,,ISO,Organization,,por,Cyprus,,,,,,,,,,,,,,,,,TRUE,,TRUE,,,Text,Misc,iso3166,,,,,,,,,,,,,,,,,,,,
Concept,CZ,CZ,,,por,,,CZE,203,,ISO,Organization,,por,Czechia,,,,,,,,,,,,,,,,,TRUE,,TRUE,,,Text,Misc,iso3166,,,,,,,,,,,,,,,,,,,,
Concept,CI,CI,,,por,,,CIV,384,,ISO,Organization,,por,Côte d'Ivoire,,,,,,,,,,,,,,,,,TRUE,,TRUE,,,Text,Misc,iso3166,,,,,,,,,,,,,,,,,,,,
Concept,DK,DK,,,por,,,DNK,208,,ISO,Organization,,por,Denmark,,,,,,,,,,,,,,,,,TRUE,,TRUE,,,Text,Misc,iso3166,,,,,,,,,,,,,,,,,,,,
Concept,DJ,DJ,,,por,,,DJI,262,,ISO,Organization,,por,Djibouti,,,,,,,,,,,,,,,,,TRUE,,TRUE,,,Text,Misc,iso3166,,,,,,,,,,,,,,,,,,,,
Concept,DM,DM,,,por,,,DMA,212,,ISO,Organization,,por,Dominica,,,,,,,,,,,,,,,,,TRUE,,TRUE,,,Text,Misc,iso3166,,,,,,,,,,,,,,,,,,,,
Concept,DO,DO,,,por,,,DOM,214,,ISO,Organization,,por,Dominican Republic (the),,,,,,,,,,,,,,,,,TRUE,,TRUE,,,Text,Misc,iso3166,,,,,,,,,,,,,,,,,,,,
Concept,EC,EC,,,por,,,ECU,218,,ISO,Organization,,por,Ecuador,,,,,,,,,,,,,,,,,TRUE,,TRUE,,,Text,Misc,iso3166,,,,,,,,,,,,,,,,,,,,
Concept,EG,EG,,,por,,,EGY,818,,ISO,Organization,,por,Egypt,,,,,,,,,,,,,,,,,TRUE,,TRUE,,,Text,Misc,iso3166,,,,,,,,,,,,,,,,,,,,
Concept,SV,SV,,,por,,,SLV,222,,ISO,Organization,,por,El Salvador,,,,,,,,,,,,,,,,,TRUE,,TRUE,,,Text,Misc,iso3166,,,,,,,,,,,,,,,,,,,,
Concept,GQ,GQ,,,por,,,GNQ,226,,ISO,Organization,,por,Equatorial Guinea,,,,,,,,,,,,,,,,,TRUE,,TRUE,,,Text,Misc,iso3166,,,,,,,,,,,,,,,,,,,,
Concept,ER,ER,,,por,,,ERI,232,,ISO,Organization,,por,Eritrea,,,,,,,,,,,,,,,,,TRUE,,TRUE,,,Text,Misc,iso3166,,,,,,,,,,,,,,,,,,,,
Concept,EE,EE,,,por,,,EST,233,,ISO,Organization,,por,Estonia,,,,,,,,,,,,,,,,,TRUE,,TRUE,,,Text,Misc,iso3166,,,,,,,,,,,,,,,,,,,,
Concept,SZ,SZ,,,por,,,SWZ,748,,ISO,Organization,,por,Eswatini,,,,,,,,,,,,,,,,,TRUE,,TRUE,,,Text,Misc,iso3166,,,,,,,,,,,,,,,,,,,,
Concept,ET,ET,,,por,,,ETH,231,,ISO,Organization,,por,Ethiopia,,,,,,,,,,,,,,,,,TRUE,,TRUE,,,Text,Misc,iso3166,,,,,,,,,,,,,,,,,,,,
Concept,FK,FK,,,por,,,FLK,238,,ISO,Organization,,por,Falkland Islands (the) [Malvinas],,,,,,,,,,,,,,,,,TRUE,,TRUE,,,Text,Misc,iso3166,,,,,,,,,,,,,,,,,,,,
Concept,FO,FO,,,por,,,FRO,234,,ISO,Organization,,por,Faroe Islands (the),,,,,,,,,,,,,,,,,TRUE,,TRUE,,,Text,Misc,iso3166,,,,,,,,,,,,,,,,,,,,
Concept,FJ,FJ,,,por,,,FJI,242,,ISO,Organization,,por,Fiji,,,,,,,,,,,,,,,,,TRUE,,TRUE,,,Text,Misc,iso3166,,,,,,,,,,,,,,,,,,,,
Concept,FI,FI,,,por,,,FIN,246,,ISO,Organization,,por,Finland,,,,,,,,,,,,,,,,,TRUE,,TRUE,,,Text,Misc,iso3166,,,,,,,,,,,,,,,,,,,,
Concept,FR,FR,,,por,,,FRA,250,,ISO,Organization,,por,France,,,,,,,,,,,,,,,,,TRUE,,TRUE,,,Text,Misc,iso3166,,,,,,,,,,,,,,,,,,,,
Concept,GF,GF,,,por,,,GUF,254,,ISO,Organization,,por,French Guiana,,,,,,,,,,,,,,,,,TRUE,,TRUE,,,Text,Misc,iso3166,,,,,,,,,,,,,,,,,,,,
Concept,PF,PF,,,por,,,PYF,258,,ISO,Organization,,por,French Polynesia,,,,,,,,,,,,,,,,,TRUE,,TRUE,,,Text,Misc,iso3166,,,,,,,,,,,,,,,,,,,,
Concept,TF,TF,,,por,,,ATF,260,,ISO,Organization,,por,French Southern Territories (the),,,,,,,,,,,,,,,,,TRUE,,TRUE,,,Text,Misc,iso3166,,,,,,,,,,,,,,,,,,,,
Concept,GA,GA,,,por,,,GAB,266,,ISO,Organization,,por,Gabon,,,,,,,,,,,,,,,,,TRUE,,TRUE,,,Text,Misc,iso3166,,,,,,,,,,,,,,,,,,,,
Concept,GM,GM,,,por,,,GMB,270,,ISO,Organization,,por,Gambia (the),,,,,,,,,,,,,,,,,TRUE,,TRUE,,,Text,Misc,iso3166,,,,,,,,,,,,,,,,,,,,
Concept,GE,GE,,,por,,,GEO,268,,ISO,Organization,,por,Georgia,,,,,,,,,,,,,,,,,TRUE,,TRUE,,,Text,Misc,iso3166,,,,,,,,,,,,,,,,,,,,
Concept,DE,DE,,,por,,,DEU,276,,ISO,Organization,,por,Germany,,,,,,,,,,,,,,,,,TRUE,,TRUE,,,Text,Misc,iso3166,,,,,,,,,,,,,,,,,,,,
Concept,GH,GH,,,por,,,GHA,288,,ISO,Organization,,por,Ghana,,,,,,,,,,,,,,,,,TRUE,,TRUE,,,Text,Misc,iso3166,,,,,,,,,,,,,,,,,,,,
Concept,GI,GI,,,por,,,GIB,292,,ISO,Organization,,por,Gibraltar,,,,,,,,,,,,,,,,,TRUE,,TRUE,,,Text,Misc,iso3166,,,,,,,,,,,,,,,,,,,,
Concept,GR,GR,,,por,,,GRC,300,,ISO,Organization,,por,Greece,,,,,,,,,,,,,,,,,TRUE,,TRUE,,,Text,Misc,iso3166,,,,,,,,,,,,,,,,,,,,
Concept,GL,GL,,,por,,,GRL,304,,ISO,Organization,,por,Greenland,,,,,,,,,,,,,,,,,TRUE,,TRUE,,,Text,Misc,iso3166,,,,,,,,,,,,,,,,,,,,
Concept,GD,GD,,,por,,,GRD,308,,ISO,Organization,,por,Grenada,,,,,,,,,,,,,,,,,TRUE,,TRUE,,,Text,Misc,iso3166,,,,,,,,,,,,,,,,,,,,
Concept,GP,GP,,,por,,,GLP,312,,ISO,Organization,,por,Guadeloupe,,,,,,,,,,,,,,,,,TRUE,,TRUE,,,Text,Misc,iso3166,,,,,,,,,,,,,,,,,,,,
Concept,GU,GU,,,por,,,GUM,316,,ISO,Organization,,por,Guam,,,,,,,,,,,,,,,,,TRUE,,TRUE,,,Text,Misc,iso3166,,,,,,,,,,,,,,,,,,,,
Concept,GT,GT,,,por,,,GTM,320,,ISO,Organization,,por,Guatemala,,,,,,,,,,,,,,,,,TRUE,,TRUE,,,Text,Misc,iso3166,,,,,,,,,,,,,,,,,,,,
Concept,GG,GG,,,por,,,GGY,831,,ISO,Organization,,por,Guernsey,,,,,,,,,,,,,,,,,TRUE,,TRUE,,,Text,Misc,iso3166,,,,,,,,,,,,,,,,,,,,
Concept,GN,GN,,,por,,,GIN,324,,ISO,Organization,,por,Guinea,,,,,,,,,,,,,,,,,TRUE,,TRUE,,,Text,Misc,iso3166,,,,,,,,,,,,,,,,,,,,
Concept,GW,GW,,,por,,,GNB,624,,ISO,Organization,,por,Guinea-Bissau,,,,,,,,,,,,,,,,,TRUE,,TRUE,,,Text,Misc,iso3166,,,,,,,,,,,,,,,,,,,,
Concept,GY,GY,,,por,,,GUY,328,,ISO,Organization,,por,Guyana,,,,,,,,,,,,,,,,,TRUE,,TRUE,,,Text,Misc,iso3166,,,,,,,,,,,,,,,,,,,,
Concept,HT,HT,,,por,,,HTI,332,,ISO,Organization,,por,Haiti,,,,,,,,,,,,,,,,,TRUE,,TRUE,,,Text,Misc,iso3166,,,,,,,,,,,,,,,,,,,,
Concept,HM,HM,,,por,,,HMD,334,,ISO,Organization,,por,Heard Island and McDonald Islands,,,,,,,,,,,,,,,,,TRUE,,TRUE,,,Text,Misc,iso3166,,,,,,,,,,,,,,,,,,,,
Concept,VA,VA,,,por,,,VAT,336,,ISO,Organization,,por,Holy See (the),,,,,,,,,,,,,,,,,TRUE,,TRUE,,,Text,Misc,iso3166,,,,,,,,,,,,,,,,,,,,
Concept,HN,HN,,,por,,,HND,340,,ISO,Organization,,por,Honduras,,,,,,,,,,,,,,,,,TRUE,,TRUE,,,Text,Misc,iso3166,,,,,,,,,,,,,,,,,,,,
Concept,HK,HK,,,por,,,HKG,344,,ISO,Organization,,por,Hong Kong,,,,,,,,,,,,,,,,,TRUE,,TRUE,,,Text,Misc,iso3166,,,,,,,,,,,,,,,,,,,,
Concept,HU,HU,,,por,,,HUN,348,,ISO,Organization,,por,Hungary,,,,,,,,,,,,,,,,,TRUE,,TRUE,,,Text,Misc,iso3166,,,,,,,,,,,,,,,,,,,,
Concept,IS,IS,,,por,,,ISL,352,,ISO,Organization,,por,Iceland,,,,,,,,,,,,,,,,,TRUE,,TRUE,,,Text,Misc,iso3166,,,,,,,,,,,,,,,,,,,,
Concept,IN,IN,,,por,,,IND,356,,ISO,Organization,,por,India,,,,,,,,,,,,,,,,,TRUE,,TRUE,,,Text,Misc,iso3166,,,,,,,,,,,,,,,,,,,,
Concept,ID,ID,,,por,,,IDN,360,,ISO,Organization,,por,Indonesia,,,,,,,,,,,,,,,,,TRUE,,TRUE,,,Text,Misc,iso3166,,,,,,,,,,,,,,,,,,,,
Concept,IR,IR,,,por,,,IRN,364,,ISO,Organization,,por,Iran (Islamic Republic of),,,,,,,,,,,,,,,,,TRUE,,TRUE,,,Text,Misc,iso3166,,,,,,,,,,,,,,,,,,,,
Concept,IQ,IQ,,,por,,,IRQ,368,,ISO,Organization,,por,Iraq,,,,,,,,,,,,,,,,,TRUE,,TRUE,,,Text,Misc,iso3166,,,,,,,,,,,,,,,,,,,,
Concept,IE,IE,,,por,,,IRL,372,,ISO,Organization,,por,Ireland,,,,,,,,,,,,,,,,,TRUE,,TRUE,,,Text,Misc,iso3166,,,,,,,,,,,,,,,,,,,,
Concept,IM,IM,,,por,,,IMN,833,,ISO,Organization,,por,Isle of Man,,,,,,,,,,,,,,,,,TRUE,,TRUE,,,Text,Misc,iso3166,,,,,,,,,,,,,,,,,,,,
Concept,IL,IL,,,por,,,ISR,376,,ISO,Organization,,por,Israel,,,,,,,,,,,,,,,,,TRUE,,TRUE,,,Text,Misc,iso3166,,,,,,,,,,,,,,,,,,,,
Concept,IT,IT,,,por,,,ITA,380,,ISO,Organization,,por,Italy,,,,,,,,,,,,,,,,,TRUE,,TRUE,,,Text,Misc,iso3166,,,,,,,,,,,,,,,,,,,,
Concept,JM,JM,,,por,,,JAM,388,,ISO,Organization,,por,Jamaica,,,,,,,,,,,,,,,,,TRUE,,TRUE,,,Text,Misc,iso3166,,,,,,,,,,,,,,,,,,,,
Concept,JP,JP,,,por,,,JPN,392,,ISO,Organization,,por,Japan,,,,,,,,,,,,,,,,,TRUE,,TRUE,,,Text,Misc,iso3166,,,,,,,,,,,,,,,,,,,,
Concept,JE,JE,,,por,,,JEY,832,,ISO,Organization,,por,Jersey,,,,,,,,,,,,,,,,,TRUE,,TRUE,,,Text,Misc,iso3166,,,,,,,,,,,,,,,,,,,,
Concept,JO,JO,,,por,,,JOR,400,,ISO,Organization,,por,Jordan,,,,,,,,,,,,,,,,,TRUE,,TRUE,,,Text,Misc,iso3166,,,,,,,,,,,,,,,,,,,,
Concept,KZ,KZ,,,por,,,KAZ,398,,ISO,Organization,,por,Kazakhstan,,,,,,,,,,,,,,,,,TRUE,,TRUE,,,Text,Misc,iso3166,,,,,,,,,,,,,,,,,,,,
Concept,KE,KE,,,por,,,KEN,404,,ISO,Organization,,por,Kenya,,,,,,,,,,,,,,,,,TRUE,,TRUE,,,Text,Misc,iso3166,,,,,,,,,,,,,,,,,,,,
Concept,KI,KI,,,por,,,KIR,296,,ISO,Organization,,por,Kiribati,,,,,,,,,,,,,,,,,TRUE,,TRUE,,,Text,Misc,iso3166,,,,,,,,,,,,,,,,,,,,
Concept,KP,KP,,,por,,,PRK,408,,ISO,Organization,,por,Korea (the Democratic People's Republic of),,,,,,,,,,,,,,,,,TRUE,,TRUE,,,Text,Misc,iso3166,,,,,,,,,,,,,,,,,,,,
Concept,KR,KR,,,por,,,KOR,410,,ISO,Organization,,por,Korea (the Republic of),,,,,,,,,,,,,,,,,TRUE,,TRUE,,,Text,Misc,iso3166,,,,,,,,,,,,,,,,,,,,
Concept,KW,KW,,,por,,,KWT,414,,ISO,Organization,,por,Kuwait,,,,,,,,,,,,,,,,,TRUE,,TRUE,,,Text,Misc,iso3166,,,,,,,,,,,,,,,,,,,,
Concept,KG,KG,,,por,,,KGZ,417,,ISO,Organization,,por,Kyrgyzstan,,,,,,,,,,,,,,,,,TRUE,,TRUE,,,Text,Misc,iso3166,,,,,,,,,,,,,,,,,,,,
Concept,LA,LA,,,por,,,LAO,418,,ISO,Organization,,por,Lao People's Democratic Republic (the),,,,,,,,,,,,,,,,,TRUE,,TRUE,,,Text,Misc,iso3166,,,,,,,,,,,,,,,,,,,,
Concept,LV,LV,,,por,,,LVA,428,,ISO,Organization,,por,Latvia,,,,,,,,,,,,,,,,,TRUE,,TRUE,,,Text,Misc,iso3166,,,,,,,,,,,,,,,,,,,,
Concept,LB,LB,,,por,,,LBN,422,,ISO,Organization,,por,Lebanon,,,,,,,,,,,,,,,,,TRUE,,TRUE,,,Text,Misc,iso3166,,,,,,,,,,,,,,,,,,,,
Concept,LS,LS,,,por,,,LSO,426,,ISO,Organization,,por,Lesotho,,,,,,,,,,,,,,,,,TRUE,,TRUE,,,Text,Misc,iso3166,,,,,,,,,,,,,,,,,,,,
Concept,LR,LR,,,por,,,LBR,430,,ISO,Organization,,por,Liberia,,,,,,,,,,,,,,,,,TRUE,,TRUE,,,Text,Misc,iso3166,,,,,,,,,,,,,,,,,,,,
Concept,LY,LY,,,por,,,LBY,434,,ISO,Organization,,por,Libya,,,,,,,,,,,,,,,,,TRUE,,TRUE,,,Text,Misc,iso3166,,,,,,,,,,,,,,,,,,,,
Concept,LI,LI,,,por,,,LIE,438,,ISO,Organization,,por,Liechtenstein,,,,,,,,,,,,,,,,,TRUE,,TRUE,,,Text,Misc,iso3166,,,,,,,,,,,,,,,,,,,,
Concept,LT,LT,,,por,,,LTU,440,,ISO,Organization,,por,Lithuania,,,,,,,,,,,,,,,,,TRUE,,TRUE,,,Text,Misc,iso3166,,,,,,,,,,,,,,,,,,,,
Concept,LU,LU,,,por,,,LUX,442,,ISO,Organization,,por,Luxembourg,,,,,,,,,,,,,,,,,TRUE,,TRUE,,,Text,Misc,iso3166,,,,,,,,,,,,,,,,,,,,
Concept,MO,MO,,,por,,,MAC,446,,ISO,Organization,,por,Macao,,,,,,,,,,,,,,,,,TRUE,,TRUE,,,Text,Misc,iso3166,,,,,,,,,,,,,,,,,,,,
Concept,MG,MG,,,por,,,MDG,450,,ISO,Organization,,por,Madagascar,,,,,,,,,,,,,,,,,TRUE,,TRUE,,,Text,Misc,iso3166,,,,,,,,,,,,,,,,,,,,
Concept,MW,MW,,,por,,,MWI,454,,ISO,Organization,,por,Malawi,,,,,,,,,,,,,,,,,TRUE,,TRUE,,,Text,Misc,iso3166,,,,,,,,,,,,,,,,,,,,
Concept,MY,MY,,,por,,,MYS,458,,ISO,Organization,,por,Malaysia,,,,,,,,,,,,,,,,,TRUE,,TRUE,,,Text,Misc,iso3166,,,,,,,,,,,,,,,,,,,,
Concept,MV,MV,,,por,,,MDV,462,,ISO,Organization,,por,Maldives,,,,,,,,,,,,,,,,,TRUE,,TRUE,,,Text,Misc,iso3166,,,,,,,,,,,,,,,,,,,,
Concept,ML,ML,,,por,,,MLI,466,,ISO,Organization,,por,Mali,,,,,,,,,,,,,,,,,TRUE,,TRUE,,,Text,Misc,iso3166,,,,,,,,,,,,,,,,,,,,
Concept,MT,MT,,,por,,,MLT,470,,ISO,Organization,,por,Malta,,,,,,,,,,,,,,,,,TRUE,,TRUE,,,Text,Misc,iso3166,,,,,,,,,,,,,,,,,,,,
Concept,MH,MH,,,por,,,MHL,584,,ISO,Organization,,por,Marshall Islands (the),,,,,,,,,,,,,,,,,TRUE,,TRUE,,,Text,Misc,iso3166,,,,,,,,,,,,,,,,,,,,
Concept,MQ,MQ,,,por,,,MTQ,474,,ISO,Organization,,por,Martinique,,,,,,,,,,,,,,,,,TRUE,,TRUE,,,Text,Misc,iso3166,,,,,,,,,,,,,,,,,,,,
Concept,MR,MR,,,por,,,MRT,478,,ISO,Organization,,por,Mauritania,,,,,,,,,,,,,,,,,TRUE,,TRUE,,,Text,Misc,iso3166,,,,,,,,,,,,,,,,,,,,
Concept,MU,MU,,,por,,,MUS,480,,ISO,Organization,,por,Mauritius,,,,,,,,,,,,,,,,,TRUE,,TRUE,,,Text,Misc,iso3166,,,,,,,,,,,,,,,,,,,,
Concept,YT,YT,,,por,,,MYT,175,,ISO,Organization,,por,Mayotte,,,,,,,,,,,,,,,,,TRUE,,TRUE,,,Text,Misc,iso3166,,,,,,,,,,,,,,,,,,,,
Concept,MX,MX,,,por,,,MEX,484,,ISO,Organization,,por,Mexico,,,,,,,,,,,,,,,,,TRUE,,TRUE,,,Text,Misc,iso3166,,,,,,,,,,,,,,,,,,,,
Concept,FM,FM,,,por,,,FSM,583,,ISO,Organization,,por,Micronesia (Federated States of),,,,,,,,,,,,,,,,,TRUE,,TRUE,,,Text,Misc,iso3166,,,,,,,,,,,,,,,,,,,,
Concept,MD,MD,,,por,,,MDA,498,,ISO,Organization,,por,Moldova (the Republic of),,,,,,,,,,,,,,,,,TRUE,,TRUE,,,Text,Misc,iso3166,,,,,,,,,,,,,,,,,,,,
Concept,MC,MC,,,por,,,MCO,492,,ISO,Organization,,por,Monaco,,,,,,,,,,,,,,,,,TRUE,,TRUE,,,Text,Misc,iso3166,,,,,,,,,,,,,,,,,,,,
Concept,MN,MN,,,por,,,MNG,496,,ISO,Organization,,por,Mongolia,,,,,,,,,,,,,,,,,TRUE,,TRUE,,,Text,Misc,iso3166,,,,,,,,,,,,,,,,,,,,
Concept,ME,ME,,,por,,,MNE,499,,ISO,Organization,,por,Montenegro,,,,,,,,,,,,,,,,,TRUE,,TRUE,,,Text,Misc,iso3166,,,,,,,,,,,,,,,,,,,,
Concept,MS,MS,,,por,,,MSR,500,,ISO,Organization,,por,Montserrat,,,,,,,,,,,,,,,,,TRUE,,TRUE,,,Text,Misc,iso3166,,,,,,,,,,,,,,,,,,,,
Concept,MA,MA,,,por,,,MAR,504,,ISO,Organization,,por,Morocco,,,,,,,,,,,,,,,,,TRUE,,TRUE,,,Text,Misc,iso3166,,,,,,,,,,,,,,,,,,,,
Concept,MZ,MZ,,,por,,,MOZ,508,,ISO,Organization,,por,Mozambique,,,,,,,,,,,,,,,,,TRUE,,TRUE,,,Text,Misc,iso3166,,,,,,,,,,,,,,,,,,,,
Concept,MM,MM,,,por,,,MMR,104,,ISO,Organization,,por,Myanmar,,,,,,,,,,,,,,,,,TRUE,,TRUE,,,Text,Misc,iso3166,,,,,,,,,,,,,,,,,,,,
Concept,NA,NA,,,por,,,NAM,516,,ISO,Organization,,por,Namibia,,,,,,,,,,,,,,,,,TRUE,,TRUE,,,Text,Misc,iso3166,,,,,,,,,,,,,,,,,,,,
Concept,NR,NR,,,por,,,NRU,520,,ISO,Organization,,por,Nauru,,,,,,,,,,,,,,,,,TRUE,,TRUE,,,Text,Misc,iso3166,,,,,,,,,,,,,,,,,,,,
Concept,NP,NP,,,por,,,NPL,524,,ISO,Organization,,por,Nepal,,,,,,,,,,,,,,,,,TRUE,,TRUE,,,Text,Misc,iso3166,,,,,,,,,,,,,,,,,,,,
Concept,NL,NL,,,por,,,NLD,528,,ISO,Organization,,por,Netherlands (the),,,,,,,,,,,,,,,,,TRUE,,TRUE,,,Text,Misc,iso3166,,,,,,,,,,,,,,,,,,,,
Concept,NC,NC,,,por,,,NCL,540,,ISO,Organization,,por,New Caledonia,,,,,,,,,,,,,,,,,TRUE,,TRUE,,,Text,Misc,iso3166,,,,,,,,,,,,,,,,,,,,
Concept,NZ,NZ,,,por,,,NZL,554,,ISO,Organization,,por,New Zealand,,,,,,,,,,,,,,,,,TRUE,,TRUE,,,Text,Misc,iso3166,,,,,,,,,,,,,,,,,,,,
Concept,NI,NI,,,por,,,NIC,558,,ISO,Organization,,por,Nicaragua,,,,,,,,,,,,,,,,,TRUE,,TRUE,,,Text,Misc,iso3166,,,,,,,,,,,,,,,,,,,,
Concept,NE,NE,,,por,,,NER,562,,ISO,Organization,,por,Niger (the),,,,,,,,,,,,,,,,,TRUE,,TRUE,,,Text,Misc,iso3166,,,,,,,,,,,,,,,,,,,,
Concept,NG,NG,,,por,,,NGA,566,,ISO,Organization,,por,Nigeria,,,,,,,,,,,,,,,,,TRUE,,TRUE,,,Text,Misc,iso3166,,,,,,,,,,,,,,,,,,,,
Concept,NU,NU,,,por,,,NIU,570,,ISO,Organization,,por,Niue,,,,,,,,,,,,,,,,,TRUE,,TRUE,,,Text,Misc,iso3166,,,,,,,,,,,,,,,,,,,,
Concept,NF,NF,,,por,,,NFK,574,,ISO,Organization,,por,Norfolk Island,,,,,,,,,,,,,,,,,TRUE,,TRUE,,,Text,Misc,iso3166,,,,,,,,,,,,,,,,,,,,
Concept,MP,MP,,,por,,,MNP,580,,ISO,Organization,,por,Northern Mariana Islands (the),,,,,,,,,,,,,,,,,TRUE,,TRUE,,,Text,Misc,iso3166,,,,,,,,,,,,,,,,,,,,
Concept,NO,NO,,,por,,,NOR,578,,ISO,Organization,,por,Norway,,,,,,,,,,,,,,,,,TRUE,,TRUE,,,Text,Misc,iso3166,,,,,,,,,,,,,,,,,,,,
Concept,OM,OM,,,por,,,OMN,512,,ISO,Organization,,por,Oman,,,,,,,,,,,,,,,,,TRUE,,TRUE,,,Text,Misc,iso3166,,,,,,,,,,,,,,,,,,,,
Concept,PK,PK,,,por,,,PAK,586,,ISO,Organization,,por,Pakistan,,,,,,,,,,,,,,,,,TRUE,,TRUE,,,Text,Misc,iso3166,,,,,,,,,,,,,,,,,,,,
Concept,PW,PW,,,por,,,PLW,585,,ISO,Organization,,por,Palau,,,,,,,,,,,,,,,,,TRUE,,TRUE,,,Text,Misc,iso3166,,,,,,,,,,,,,,,,,,,,
Concept,PS,PS,,,por,,,PSE,275,,ISO,Organization,,por,"Palestine, State of",,,,,,,,,,,,,,,,,TRUE,,TRUE,,,Text,Misc,iso3166,,,,,,,,,,,,,,,,,,,,
Concept,PA,PA,,,por,,,PAN,591,,ISO,Organization,,por,Panama,,,,,,,,,,,,,,,,,TRUE,,TRUE,,,Text,Misc,iso3166,,,,,,,,,,,,,,,,,,,,
Concept,PG,PG,,,por,,,PNG,598,,ISO,Organization,,por,Papua New Guinea,,,,,,,,,,,,,,,,,TRUE,,TRUE,,,Text,Misc,iso3166,,,,,,,,,,,,,,,,,,,,
Concept,PY,PY,,,por,,,PRY,600,,ISO,Organization,,por,Paraguay,,,,,,,,,,,,,,,,,TRUE,,TRUE,,,Text,Misc,iso3166,,,,,,,,,,,,,,,,,,,,
Concept,PE,PE,,,por,,,PER,604,,ISO,Organization,,por,Peru,,,,,,,,,,,,,,,,,TRUE,,TRUE,,,Text,Misc,iso3166,,,,,,,,,,,,,,,,,,,,
Concept,PH,PH,,,por,,,PHL,608,,ISO,Organization,,por,Philippines (the),,,,,,,,,,,,,,,,,TRUE,,TRUE,,,Text,Misc,iso3166,,,,,,,,,,,,,,,,,,,,
Concept,PN,PN,,,por,,,PCN,612,,ISO,Organization,,por,Pitcairn,,,,,,,,,,,,,,,,,TRUE,,TRUE,,,Text,Misc,iso3166,,,,,,,,,,,,,,,,,,,,
Concept,PL,PL,,,por,,,POL,616,,ISO,Organization,,por,Poland,,,,,,,,,,,,,,,,,TRUE,,TRUE,,,Text,Misc,iso3166,,,,,,,,,,,,,,,,,,,,
Concept,PT,PT,,,por,,,PRT,620,,ISO,Organization,,por,Portugal,,,,,,,,,,,,,,,,,TRUE,,TRUE,,,Text,Misc,iso3166,,,,,,,,,,,,,,,,,,,,
Concept,PR,PR,,,por,,,PRI,630,,ISO,Organization,,por,Puerto Rico,,,,,,,,,,,,,,,,,TRUE,,TRUE,,,Text,Misc,iso3166,,,,,,,,,,,,,,,,,,,,
Concept,QA,QA,,,por,,,QAT,634,,ISO,Organization,,por,Qatar,,,,,,,,,,,,,,,,,TRUE,,TRUE,,,Text,Misc,iso3166,,,,,,,,,,,,,,,,,,,,
Concept,MK,MK,,,por,,,MKD,807,,ISO,Organization,,por,Republic of North Macedonia,,,,,,,,,,,,,,,,,TRUE,,TRUE,,,Text,Misc,iso3166,,,,,,,,,,,,,,,,,,,,
Concept,RO,RO,,,por,,,ROU,642,,ISO,Organization,,por,Romania,,,,,,,,,,,,,,,,,TRUE,,TRUE,,,Text,Misc,iso3166,,,,,,,,,,,,,,,,,,,,
Concept,RU,RU,,,por,,,RUS,643,,ISO,Organization,,por,Russian Federation (the),,,,,,,,,,,,,,,,,TRUE,,TRUE,,,Text,Misc,iso3166,,,,,,,,,,,,,,,,,,,,
Concept,RW,RW,,,por,,,RWA,646,,ISO,Organization,,por,Rwanda,,,,,,,,,,,,,,,,,TRUE,,TRUE,,,Text,Misc,iso3166,,,,,,,,,,,,,,,,,,,,
Concept,RE,RE,,,por,,,REU,638,,ISO,Organization,,por,Réunion,,,,,,,,,,,,,,,,,TRUE,,TRUE,,,Text,Misc,iso3166,,,,,,,,,,,,,,,,,,,,
Concept,BL,BL,,,por,,,BLM,652,,ISO,Organization,,por,Saint Barthélemy,,,,,,,,,,,,,,,,,TRUE,,TRUE,,,Text,Misc,iso3166,,,,,,,,,,,,,,,,,,,,
Concept,SH,SH,,,por,,,SHN,654,,ISO,Organization,,por,"Saint Helena, Ascension and Tristan da Cunha",,,,,,,,,,,,,,,,,TRUE,,TRUE,,,Text,Misc,iso3166,,,,,,,,,,,,,,,,,,,,
Concept,KN,KN,,,por,,,KNA,659,,ISO,Organization,,por,Saint Kitts and Nevis,,,,,,,,,,,,,,,,,TRUE,,TRUE,,,Text,Misc,iso3166,,,,,,,,,,,,,,,,,,,,
Concept,LC,LC,,,por,,,LCA,662,,ISO,Organization,,por,Saint Lucia,,,,,,,,,,,,,,,,,TRUE,,TRUE,,,Text,Misc,iso3166,,,,,,,,,,,,,,,,,,,,
Concept,MF,MF,,,por,,,MAF,663,,ISO,Organization,,por,Saint Martin (French part),,,,,,,,,,,,,,,,,TRUE,,TRUE,,,Text,Misc,iso3166,,,,,,,,,,,,,,,,,,,,
Concept,PM,PM,,,por,,,SPM,666,,ISO,Organization,,por,Saint Pierre and Miquelon,,,,,,,,,,,,,,,,,TRUE,,TRUE,,,Text,Misc,iso3166,,,,,,,,,,,,,,,,,,,,
Concept,VC,VC,,,por,,,VCT,670,,ISO,Organization,,por,Saint Vincent and the Grenadines,,,,,,,,,,,,,,,,,TRUE,,TRUE,,,Text,Misc,iso3166,,,,,,,,,,,,,,,,,,,,
Concept,WS,WS,,,por,,,WSM,882,,ISO,Organization,,por,Samoa,,,,,,,,,,,,,,,,,TRUE,,TRUE,,,Text,Misc,iso3166,,,,,,,,,,,,,,,,,,,,
Concept,SM,SM,,,por,,,SMR,674,,ISO,Organization,,por,San Marino,,,,,,,,,,,,,,,,,TRUE,,TRUE,,,Text,Misc,iso3166,,,,,,,,,,,,,,,,,,,,
Concept,ST,ST,,,por,,,STP,678,,ISO,Organization,,por,Sao Tome and Principe,,,,,,,,,,,,,,,,,TRUE,,TRUE,,,Text,Misc,iso3166,,,,,,,,,,,,,,,,,,,,
Concept,SA,SA,,,por,,,SAU,682,,ISO,Organization,,por,Saudi Arabia,,,,,,,,,,,,,,,,,TRUE,,TRUE,,,Text,Misc,iso3166,,,,,,,,,,,,,,,,,,,,
Concept,SN,SN,,,por,,,SEN,686,,ISO,Organization,,por,Senegal,,,,,,,,,,,,,,,,,TRUE,,TRUE,,,Text,Misc,iso3166,,,,,,,,,,,,,,,,,,,,
Concept,RS,RS,,,por,,,SRB,688,,ISO,Organization,,por,Serbia,,,,,,,,,,,,,,,,,TRUE,,TRUE,,,Text,Misc,iso3166,,,,,,,,,,,,,,,,,,,,
Concept,SC,SC,,,por,,,SYC,690,,ISO,Organization,,por,Seychelles,,,,,,,,,,,,,,,,,TRUE,,TRUE,,,Text,Misc,iso3166,,,,,,,,,,,,,,,,,,,,
Concept,SL,SL,,,por,,,SLE,694,,ISO,Organization,,por,Sierra Leone,,,,,,,,,,,,,,,,,TRUE,,TRUE,,,Text,Misc,iso3166,,,,,,,,,,,,,,,,,,,,
Concept,SG,SG,,,por,,,SGP,702,,ISO,Organization,,por,Singapore,,,,,,,,,,,,,,,,,TRUE,,TRUE,,,Text,Misc,iso3166,,,,,,,,,,,,,,,,,,,,
Concept,SX,SX,,,por,,,SXM,534,,ISO,Organization,,por,Sint Maarten (Dutch part),,,,,,,,,,,,,,,,,TRUE,,TRUE,,,Text,Misc,iso3166,,,,,,,,,,,,,,,,,,,,
Concept,SK,SK,,,por,,,SVK,703,,ISO,Organization,,por,Slovakia,,,,,,,,,,,,,,,,,TRUE,,TRUE,,,Text,Misc,iso3166,,,,,,,,,,,,,,,,,,,,
Concept,SI,SI,,,por,,,SVN,705,,ISO,Organization,,por,Slovenia,,,,,,,,,,,,,,,,,TRUE,,TRUE,,,Text,Misc,iso3166,,,,,,,,,,,,,,,,,,,,
Concept,SB,SB,,,por,,,SLB,90,,ISO,Organization,,por,Solomon Islands,,,,,,,,,,,,,,,,,TRUE,,TRUE,,,Text,Misc,iso3166,,,,,,,,,,,,,,,,,,,,
Concept,SO,SO,,,por,,,SOM,706,,ISO,Organization,,por,Somalia,,,,,,,,,,,,,,,,,TRUE,,TRUE,,,Text,Misc,iso3166,,,,,,,,,,,,,,,,,,,,
Concept,ZA,ZA,,,por,,,ZAF,710,,ISO,Organization,,por,South Africa,,,,,,,,,,,,,,,,,TRUE,,TRUE,,,Text,Misc,iso3166,,,,,,,,,,,,,,,,,,,,
Concept,GS,GS,,,por,,,SGS,239,,ISO,Organization,,por,South Georgia and the South Sandwich Islands,,,,,,,,,,,,,,,,,TRUE,,TRUE,,,Text,Misc,iso3166,,,,,,,,,,,,,,,,,,,,
Concept,SS,SS,,,por,,,SSD,728,,ISO,Organization,,por,South Sudan,,,,,,,,,,,,,,,,,TRUE,,TRUE,,,Text,Misc,iso3166,,,,,,,,,,,,,,,,,,,,
Concept,ES,ES,,,por,,,ESP,724,,ISO,Organization,,por,Spain,,,,,,,,,,,,,,,,,TRUE,,TRUE,,,Text,Misc,iso3166,,,,,,,,,,,,,,,,,,,,
Concept,LK,LK,,,por,,,LKA,144,,ISO,Organization,,por,Sri Lanka,,,,,,,,,,,,,,,,,TRUE,,TRUE,,,Text,Misc,iso3166,,,,,,,,,,,,,,,,,,,,
Concept,SD,SD,,,por,,,SDN,729,,ISO,Organization,,por,Sudan (the),,,,,,,,,,,,,,,,,TRUE,,TRUE,,,Text,Misc,iso3166,,,,,,,,,,,,,,,,,,,,
Concept,SR,SR,,,por,,,SUR,740,,ISO,Organization,,por,Suriname,,,,,,,,,,,,,,,,,TRUE,,TRUE,,,Text,Misc,iso3166,,,,,,,,,,,,,,,,,,,,
Concept,SJ,SJ,,,por,,,SJM,744,,ISO,Organization,,por,Svalbard and Jan Mayen,,,,,,,,,,,,,,,,,TRUE,,TRUE,,,Text,Misc,iso3166,,,,,,,,,,,,,,,,,,,,
Concept,SE,SE,,,por,,,SWE,752,,ISO,Organization,,por,Sweden,,,,,,,,,,,,,,,,,TRUE,,TRUE,,,Text,Misc,iso3166,,,,,,,,,,,,,,,,,,,,
Concept,CH,CH,,,por,,,CHE,756,,ISO,Organization,,por,Switzerland,,,,,,,,,,,,,,,,,TRUE,,TRUE,,,Text,Misc,iso3166,,,,,,,,,,,,,,,,,,,,
Concept,SY,SY,,,por,,,SYR,760,,ISO,Organization,,por,Syrian Arab Republic,,,,,,,,,,,,,,,,,TRUE,,TRUE,,,Text,Misc,iso3166,,,,,,,,,,,,,,,,,,,,
Concept,TW,TW,,,por,,,TWN,158,,ISO,Organization,,por,Taiwan (Province of China),,,,,,,,,,,,,,,,,TRUE,,TRUE,,,Text,Misc,iso3166,,,,,,,,,,,,,,,,,,,,
Concept,TJ,TJ,,,por,,,TJK,762,,ISO,Organization,,por,Tajikistan,,,,,,,,,,,,,,,,,TRUE,,TRUE,,,Text,Misc,iso3166,,,,,,,,,,,,,,,,,,,,
Concept,TZ,TZ,,,por,,,TZA,834,,ISO,Organization,,por,"Tanzania, United Republic of",,,,,,,,,,,,,,,,,TRUE,,TRUE,,,Text,Misc,iso3166,,,,,,,,,,,,,,,,,,,,
Concept,TH,TH,,,por,,,THA,764,,ISO,Organization,,por,Thailand,,,,,,,,,,,,,,,,,TRUE,,TRUE,,,Text,Misc,iso3166,,,,,,,,,,,,,,,,,,,,
Concept,TL,TL,,,por,,,TLS,626,,ISO,Organization,,por,Timor-Leste,,,,,,,,,,,,,,,,,TRUE,,TRUE,,,Text,Misc,iso3166,,,,,,,,,,,,,,,,,,,,
Concept,TG,TG,,,por,,,TGO,768,,ISO,Organization,,por,Togo,,,,,,,,,,,,,,,,,TRUE,,TRUE,,,Text,Misc,iso3166,,,,,,,,,,,,,,,,,,,,
Concept,TK,TK,,,por,,,TKL,772,,ISO,Organization,,por,Tokelau,,,,,,,,,,,,,,,,,TRUE,,TRUE,,,Text,Misc,iso3166,,,,,,,,,,,,,,,,,,,,
Concept,TO,TO,,,por,,,TON,776,,ISO,Organization,,por,Tonga,,,,,,,,,,,,,,,,,TRUE,,TRUE,,,Text,Misc,iso3166,,,,,,,,,,,,,,,,,,,,
Concept,TT,TT,,,por,,,TTO,780,,ISO,Organization,,por,Trinidad and Tobago,,,,,,,,,,,,,,,,,TRUE,,TRUE,,,Text,Misc,iso3166,,,,,,,,,,,,,,,,,,,,
Concept,TN,TN,,,por,,,TUN,788,,ISO,Organization,,por,Tunisia,,,,,,,,,,,,,,,,,TRUE,,TRUE,,,Text,Misc,iso3166,,,,,,,,,,,,,,,,,,,,
Concept,TR,TR,,,por,,,TUR,792,,ISO,Organization,,por,Turkey,,,,,,,,,,,,,,,,,TRUE,,TRUE,,,Text,Misc,iso3166,,,,,,,,,,,,,,,,,,,,
Concept,TM,TM,,,por,,,TKM,795,,ISO,Organization,,por,Turkmenistan,,,,,,,,,,,,,,,,,TRUE,,TRUE,,,Text,Misc,iso3166,,,,,,,,,,,,,,,,,,,,
Concept,TC,TC,,,por,,,TCA,796,,ISO,Organization,,por,Turks and Caicos Islands (the),,,,,,,,,,,,,,,,,TRUE,,TRUE,,,Text,Misc,iso3166,,,,,,,,,,,,,,,,,,,,
Concept,TV,TV,,,por,,,TUV,798,,ISO,Organization,,por,Tuvalu,,,,,,,,,,,,,,,,,TRUE,,TRUE,,,Text,Misc,iso3166,,,,,,,,,,,,,,,,,,,,
Concept,UG,UG,,,por,,,UGA,800,,ISO,Organization,,por,Uganda,,,,,,,,,,,,,,,,,TRUE,,TRUE,,,Text,Misc,iso3166,,,,,,,,,,,,,,,,,,,,
Concept,UA,UA,,,por,,,UKR,804,,ISO,Organization,,por,Ukraine,,,,,,,,,,,,,,,,,TRUE,,TRUE,,,Text,Misc,iso3166,,,,,,,,,,,,,,,,,,,,
Concept,AE,AE,,,por,,,ARE,784,,ISO,Organization,,por,United Arab Emirates (the),,,,,,,,,,,,,,,,,TRUE,,TRUE,,,Text,Misc,iso3166,,,,,,,,,,,,,,,,,,,,
Concept,GB,GB,,,por,,,GBR,826,,ISO,Organization,,por,United Kingdom of Great Britain and Northern Ireland (the),,,,,,,,,,,,,,,,,TRUE,,TRUE,,,Text,Misc,iso3166,,,,,,,,,,,,,,,,,,,,
Concept,UM,UM,,,por,,,UMI,581,,ISO,Organization,,por,United States Minor Outlying Islands (the),,,,,,,,,,,,,,,,,TRUE,,TRUE,,,Text,Misc,iso3166,,,,,,,,,,,,,,,,,,,,
Concept,US,US,,,por,,,USA,840,,ISO,Organization,,por,United States of America (the),,,,,,,,,,,,,,,,,TRUE,,TRUE,,,Text,Misc,iso3166,,,,,,,,,,,,,,,,,,,,
Concept,UY,UY,,,por,,,URY,858,,ISO,Organization,,por,Uruguay,,,,,,,,,,,,,,,,,TRUE,,TRUE,,,Text,Misc,iso3166,,,,,,,,,,,,,,,,,,,,
Concept,UZ,UZ,,,por,,,UZB,860,,ISO,Organization,,por,Uzbekistan,,,,,,,,,,,,,,,,,TRUE,,TRUE,,,Text,Misc,iso3166,,,,,,,,,,,,,,,,,,,,
Concept,VU,VU,,,por,,,VUT,548,,ISO,Organization,,por,Vanuatu,,,,,,,,,,,,,,,,,TRUE,,TRUE,,,Text,Misc,iso3166,,,,,,,,,,,,,,,,,,,,
Concept,VE,VE,,,por,,,VEN,862,,ISO,Organization,,por,Venezuela (Bolivarian Republic of),,,,,,,,,,,,,,,,,TRUE,,TRUE,,,Text,Misc,iso3166,,,,,,,,,,,,,,,,,,,,
Concept,VN,VN,,,por,,,VNM,704,,ISO,Organization,,por,Viet Nam,,,,,,,,,,,,,,,,,TRUE,,TRUE,,,Text,Misc,iso3166,,,,,,,,,,,,,,,,,,,,
Concept,VG,VG,,,por,,,VGB,92,,ISO,Organization,,por,Virgin Islands (British),,,,,,,,,,,,,,,,,TRUE,,TRUE,,,Text,Misc,iso3166,,,,,,,,,,,,,,,,,,,,
Concept,VI,VI,,,por,,,VIR,850,,ISO,Organization,,por,Virgin Islands (U.S.),,,,,,,,,,,,,,,,,TRUE,,TRUE,,,Text,Misc,iso3166,,,,,,,,,,,,,,,,,,,,
Concept,WF,WF,,,por,,,WLF,876,,ISO,Organization,,por,Wallis and Futuna,,,,,,,,,,,,,,,,,TRUE,,TRUE,,,Text,Misc,iso3166,,,,,,,,,,,,,,,,,,,,
Concept,EH,EH,,,por,,,ESH,732,,ISO,Organization,,por,Western Sahara,,,,,,,,,,,,,,,,,TRUE,,TRUE,,,Text,Misc,iso3166,,,,,,,,,,,,,,,,,,,,
Concept,YE,YE,,,por,,,YEM,887,,ISO,Organization,,por,Yemen,,,,,,,,,,,,,,,,,TRUE,,TRUE,,,Text,Misc,iso3166,,,,,,,,,,,,,,,,,,,,
Concept,ZM,ZM,,,por,,,ZMB,894,,ISO,Organization,,por,Zambia,,,,,,,,,,,,,,,,,TRUE,,TRUE,,,Text,Misc,iso3166,,,,,,,,,,,,,,,,,,,,
Concept,ZW,ZW,,,por,,,ZWE,716,,ISO,Organization,,por,Zimbabwe,,,,,,,,,,,,,,,,,TRUE,,TRUE,,,Text,Misc,iso3166,,,,,,,,,,,,,,,,,,,,
Concept,AX,AX,,,por,,,ALA,248,,ISO,Organization,,por,Åland Islands,,,,,,,,,,,,,,,,,TRUE,,TRUE,,,Text,Misc,iso3166,,,,,,,,,,,,,,,,,,,,
,,,,,,,,,,,,,, ,,,,,,,,,,,,,,,,,,,,,,, ,,,,,,,,,,,,,,,,,,,,,,
,,,,,,,,,,,,,, ,,,,,,,,,,,,,,,,,,,,,,,,,,,,,,,,,,,,,,,,,,,,,
,,,,,,,,,,,,,, ,,,,,,,,,,,,,,,,,,,,,,,,,,,,,,,,,,,,,,,,,,,,,