"CO_SEQ_ID";"NU_VTMID";"NO_NM";"ingredientes"
"11214";"@brasil17393498118";"Abacavir";"abacavir"
"11215";"@brasil10435971058";"Abiraterona";"abiraterona"
"11216";"@brasil19999361241";"Acarbose";"acarbose"
"11217";"@brasil18688893343";"Aceclofenaco";\N
"11218";"@brasil13446383301";"Acetato de Ciproterona + Valerato de Estradiol";\N
"11219";"@brasil11165236784";"Acetato de Noretisterona";\N
"11220";"@brasil15487034324";"Estradiol + Acetato de Noretisterona";\N
"11221";"@brasil13939461579";"Etinilestradiol + Acetato de Noretisterona";\N
"11222";"@brasil13236205234";"Acetazolamida";\N
"11223";"@brasil14362641743";"Acetilcisteína";\N
"11224";"@brasil12104593320";"Aciclovir";\N
"11225";"@brasil17435041680";"Ácido Acetilsalicílico";\N
"11226";"@brasil10861428752";"Ácido Acetilsalicílico + Mononitrato de Isossorbida";\N
"11227";"@brasil12002019026";"Ácido Alendrônico";\N
"11228";"@brasil17425809181";"Ácido Alendrônico + Carbonato de Cálcio + Colecalciferol";\N
"11229";"@brasil11122989142";"Ácido Alendrônico + Colecalciferol";\N
"11230";"@brasil13337518472";"Ácido Ascórbico";\N
"11231";"@brasil13318625243";"Ácido Ascórbico + Zinco";\N
"11232";"@brasil16580571108";"Ácido Fólico";\N
"11233";"@brasil12946980122";"Ferripolimaltose + Ácido Fólico";\N
"11234";"@brasil14993187592";"Glicinato Férrico + Ácido Fólico ";\N
"11235";"@brasil16124997906";"Ácido Fólico + Piridoxina + Cianocobalamina";\N
"11236";"@brasil15645427064";"Ácido Ibandrônico";\N
"11237";"@brasil19852141912";"Ácido Mefenâmico";\N
"11238";"@brasil12324428680";"Ácido Micofenólico";\N
"11239";"@brasil12065717969";"Ácido Nalidíxico";\N
"11240";"@brasil13355304116";"Ácido Nicotínico";\N
"11241";"@brasil10579366981";"Ácido Tióctico";\N
"11242";"@brasil12830922865";"Ácido Tranexâmico";\N
"11243";"@brasil12416513693";"Ácido Ursodesoxicólico";\N
"11244";"@brasil13589800179";"Ácido Valproico";\N
"11245";"@brasil10699460124";"Acitretina";\N
"11246";"@brasil12727900390";"Adefovir";\N
"11247";"@brasil11541121891";"Aesculus hippocastanum L. (Castanha da Índia)";\N
"11248";"@brasil19521908590";"Agomelatina";\N
"11249";"@brasil12986177589";"Albendazol";\N
"11250";"@brasil16365162483";"Alfacalcidol";\N
"11251";"@brasil12867279957";"Alfuzosina";\N
"11252";"@brasil15240912645";"Alisquireno";\N
"11253";"@brasil17602723665";"Alisquireno + Hidroclorotiazida";\N
"11254";"@brasil12290880699";"Alopurinol";\N
"11255";"@brasil18646232808";"Alprazolam";\N
"11256";"@brasil16358522255";"Amantadina";\N
"11257";"@brasil15853913160";"Ambrisentana";\N
"11258";"@brasil10193999343";"Amilorida + Clortalidona";\N
"11259";"@brasil13408257544";"Amilorida + Hidroclorotiazida";\N
"11260";"@brasil16459289998";"Aminaftona";\N
"11261";"@brasil12071677670";"Aminobenzoato de Potássio";\N
"11262";"@brasil10980518664";"Aminofilina";\N
"11263";"@brasil18687560620";"Amiodarona";\N
"11264";"@brasil10496247419";"Amissulprida";\N
"11265";"@brasil16418555541";"Amitriptilina";\N
"11266";"@brasil10604035760";"Amitriptilina + Clordiazepóxido";\N
"11267";"@brasil13764512485";"Amoxicilina";\N
"11268";"@brasil17010455453";"Amoxicilina + Ácido Clavulânico";\N
"11269";"@brasil13758740119";"Amoxicilina + Sulbactam";\N
"11270";"@brasil17762334547";"Ampicilina";\N
"11271";"@brasil17535452689";"Amprenavir";\N
"11272";"@brasil14390260114";"Anagrelida";\N
"11273";"@brasil19344942809";"Anastrozol";\N
"11274";"@brasil13553934015";"Anfepramona";\N
"11275";"@brasil19734841955";"Anlodipino";\N
"11276";"@brasil18012408042";"Anlodipino + Atenolol";\N
"11277";"@brasil10857514654";"Anlodipino + Atorvastatina";\N
"11278";"@brasil10250349453";"Anlodipino + Benazepril";\N
"11279";"@brasil18679203611";"Anlodipino + Enalapril";\N
"11280";"@brasil12644970008";"Anlodipino + Losartana";\N
"11281";"@brasil17187239514";"Ramipril + Anlodipino";\N
"11282";"@brasil18001287855";"Valsartana + Anlodipino";\N
"11283";"@brasil18444721043";"Apixabana";\N
"11284";"@brasil18219741961";"Aprepitanto";\N
"11285";"@brasil15764546984";"Arginina";\N
"11286";"@brasil14163509349";"Arginina + Ornitina + Citrulina";\N
"11287";"@brasil13523906098";"Aripiprazol";\N
"11288";"@brasil15129002755";"Arteméter + Lumefantrina";\N
"11289";"@brasil15073295788";"Artesunato + Mefloquina";\N
"11290";"@brasil19979470984";"Asenapina";\N
"11291";"@brasil14677467870";"Aspartato de Magnésio + Carbonato de Cálcio + Ranitidina + Colecalciferol";\N
"11292";"@brasil13448926705";"Atazanavir";\N
"11293";"@brasil13212230225";"Atenolol";\N
"11294";"@brasil15714371319";"Atenolol + Clortalidona";\N
"11295";"@brasil18935166231";"Atenolol + Nifedipino";\N
"11296";"@brasil17532717507";"Atorvastatina";\N
"11297";"@brasil10858089150";"Azatioprina";\N
"11298";"@brasil11692293538";"Azitromicina";\N
"11299";"@brasil15887200547";"Baclofeno";\N
"11300";"@brasil14359122433";"Bamifilina";\N
"11301";"@brasil14134010833";"Beclometasona";\N
"11302";"@brasil17592687174";"Benazepril";\N
"11303";"@brasil15561403682";"Benazepril + Hidroclorotiazida";\N
"11304";"@brasil15028957196";"Benciclano";\N
"11305";"@brasil18460575245";"Benzbromarona";\N
"11306";"@brasil17216004948";"Benznidazol";\N
"11307";"@brasil10698299314";"Betacaroteno";\N
"11308";"@brasil11843482032";"Betaistina";\N
"11309";"@brasil17122512529";"Betametasona";\N
"11310";"@brasil10082116861";"Betametildigoxina";\N
"11311";"@brasil19043047024";"Betanecol";\N
"11312";"@brasil14968884851";"Bezafibrato";\N
"11313";"@brasil17715283488";"Bicalutamida";\N
"11314";"@brasil13669763200";"Bilastina";\N
"11315";"@brasil15202965842";"Biperideno";\N
"11316";"@brasil15005539919";"Bisacodil + Docusato de Sódio";\N
"11317";"@brasil19418802379";"Bisoprolol";\N
"11318";"@brasil12077392452";"Bisoprolol + Hidroclorotiazida";\N
"11319";"@brasil12130555427";"Boceprevir";\N
"11320";"@brasil14420600089";"Borago Officinalis L.";\N
"11321";"@brasil15711334472";"Bosentana";\N
"11322";"@brasil15294872404";"Bromazepam";\N
"11323";"@brasil19340358914";"Brometo de Otilônio";\N
"11324";"@brasil10817177667";"Bromocriptina";\N
"11325";"@brasil16064811902";"Bromoprida";\N
"11326";"@brasil17872526818";"Bronfeniramina + Fenilefrina";\N
"11327";"@brasil11168198697";"Brosimum gaudichaudii";\N
"11328";"@brasil12223413336";"Buclizina";\N
"11329";"@brasil17612470896";"Budesonida";\N
"11330";"@brasil11392114786";"Formoterol + Budesonida";\N
"11331";"@brasil14123161549";"Bumetanida";\N
"11332";"@brasil16439463696";"Bupropiona";\N
"11333";"@brasil19827834142";"Buspirona";\N
"11334";"@brasil19820779932";"Cabergolina";\N
"11335";"@brasil19620397544";"Calcitriol";\N
"11336";"@brasil18639648236";"Canagliflozina";\N
"11337";"@brasil14337048859";"Candesartana";\N
"11338";"@brasil15766299892";"Candesartana + Felodipino";\N
"11339";"@brasil15820353193";"Candesartana + Hidroclorotiazida";\N
"11340";"@brasil11802866599";"Capecitabina";\N
"11341";"@brasil11553273722";"Captopril";\N
"11342";"@brasil12357769125";"Carbamazepina";\N
"11343";"@brasil17129024765";"Carbonato de Cálcio";\N
"11344";"@brasil18571816763";"Carbonato de Cálcio + Colecalciferol";\N
"11345";"@brasil11472009830";"Carbonato de Cálcio + Lactogliconato de Cálcio";\N
"11346";"@brasil11644599167";"Carbonato de Lítio";\N
"11347";"@brasil13806966657";"Carbonato de Lodenafila";\N
"11348";"@brasil14101036090";"Carvedilol";\N
"11349";"@brasil19084280791";"Cassia angustifolia + Tamarindus indica + Cassia fistula +  Coriandrum sativum";\N
"11350";"@brasil13118295997";"Cefaclor";\N
"11351";"@brasil18338637916";"Cefadroxila";\N
"11352";"@brasil12338301903";"Cefalexina";\N
"11353";"@brasil16675596074";"Cefuroxima";\N
"11354";"@brasil16363074970";"Celecoxibe";\N
"11355";"@brasil11788586937";"Cetirizina";\N
"11356";"@brasil19853710083";"Cetoconazol";\N
"11357";"@brasil13902789915";"Cetoprofeno";\N
"11358";"@brasil19952819634";"Cetotifeno";\N
"11359";"@brasil18055728735";"Cianocobalamina + Piridoxina + Tiamina";\N
"11360";"@brasil10420185084";"Ciclobenzaprina";\N
"11361";"@brasil17933739522";"Ciclobenzaprina + Cafeína";\N
"11362";"@brasil18408142669";"Clonixinato de Lisina + Ciclobenzaprina";\N
"11363";"@brasil18239495089";"Ciclofenila";\N
"11364";"@brasil15973047748";"Ciclofosfamida";\N
"11365";"@brasil15146753781";"Ciclosporina";\N
"11366";"@brasil17814625972";"Cilazapril";\N
"11367";"@brasil13632868828";"Cilostazol";\N
"11368";"@brasil14720466531";"Cimetidina";\N
"11369";"@brasil12703726479";"Cimicifuga racemosa";\N
"11370";"@brasil19357233110";"Cinacalcete";\N
"11371";"@brasil18674986424";"Cinarizina";\N
"11372";"@brasil15303233101";"Ciprofibrato";\N
"11373";"@brasil10491206542";"Ciprofloxacino";\N
"11374";"@brasil16546333716";"Ciproterona";\N
"11375";"@brasil11258049262";"Citalopram";\N
"11376";"@brasil16651245471";"Citicolina";\N
"11377";"@brasil19482079881";"Citrato de Cálcio + Colecalciferol";\N
"11378";"@brasil17456663302";"Citrato de Potássio";\N
"11379";"@brasil18837077176";"Claritromicina";\N
"11380";"@brasil11815396287";"Clindamicina";\N
"11381";"@brasil12565750210";"Clobazam";\N
"11382";"@brasil17382562500";"Clofazimina";\N
"11383";"@brasil19215562182";"Clomifeno";\N
"11384";"@brasil13930123720";"Clomipramina";\N
"11385";"@brasil12003932363";"Clonazepam";\N
"11386";"@brasil18229290960";"Clonidina";\N
"11387";"@brasil15134658025";"Clonixinato de Lisina";\N
"11388";"@brasil10985417552";"Clopidogrel";\N
"11389";"@brasil19523113991";"Clorambucila";\N
"11390";"@brasil14659317613";"Cloranfenicol";\N
"11391";"@brasil14727246401";"Clordiazepóxido";\N
"11392";"@brasil19658279472";"Cloreto de Potássio";\N
"11393";"@brasil14109658470";"Cloridrato de Quinina + Papaverina";\N
"11394";"@brasil11573454244";"Cloridrato de Sevelâmer";\N
"11395";"@brasil15538296116";"Clorpromazina";\N
"11396";"@brasil12971118159";"Clorpropamida";\N
"11397";"@brasil18240702754";"Clortalidona";\N
"11398";"@brasil12290159604";"Clorzoxazona + Paracetamol";\N
"11399";"@brasil16728690066";"Cloxazolam";\N
"11400";"@brasil16772971828";"Clozapina";\N
"11401";"@brasil13678789252";"Cobamamida";\N
"11402";"@brasil18075031085";"Codeína";\N
"11403";"@brasil19338787977";"Colchicina";\N
"11404";"@brasil12468846944";"Colecalciferol";\N
"11405";"@brasil14327871094";"Crizotinibe";\N
"11406";"@brasil14232814947";"Curcuma longa";\N
"11407";"@brasil18180461764";"Cybara scolymus (Alcachofra)";\N
"11408";"@brasil18203864289";"Daclatasvir";\N
"11409";"@brasil16477936464";"Danazol";\N
"11410";"@brasil17778089759";"Dantroleno";\N
"11411";"@brasil19456639715";"Dapagliflozina";\N
"11412";"@brasil13948929610";"Dapsona";\N
"11413";"@brasil11374729210";"Darifenacina";\N
"11414";"@brasil15026857530";"Darunavir";\N
"11415";"@brasil11010100329";"Dasatinibe";\N
"11416";"@brasil19969929361";"Deferasirox";\N
"11417";"@brasil16819346132";"Deferiprona";\N
"11418";"@brasil14186942887";"Deflazacorte";\N
"11419";"@brasil10476676346";"Desloratadina";\N
"11421";"@brasil19822553375";"Desogestrel";\N
"11422";"@brasil17682738151";"Desogestrel + Etinilestradiol";\N
"11423";"@brasil18946030937";"Desvenlafaxina";\N
"11424";"@brasil11681940546";"Dexametasona";\N
"11425";"@brasil11571610225";"Dexclorfeniramina";\N
"11426";"@brasil12812229796";"Diacereína";\N
"11427";"@brasil19346318614";"Diazepam";\N
"11428";"@brasil18294903995";"Diazóxido";\N
"11429";"@brasil13435564443";"Diclofenaco Potássico";\N
"11430";"@brasil12293110537";"Diclofenaco Sódico";\N
"11431";"@brasil11158859664";"Diclofenaco Sódico + Codeína";\N
"11432";"@brasil18914967018";"Dicloridrato de Manidipino";\N
"11433";"@brasil11098256409";"Didanosina";\N
"11434";"@brasil18746381296";"Didrogesterona";\N
"11435";"@brasil10437137567";"Dienogeste";\N
"11436";"@brasil15946544254";"Dietilcarbamazina";\N
"11437";"@brasil18421308879";"Dietilestilbestrol";\N
"11438";"@brasil14266911943";"Digoxina";\N
"11439";"@brasil16070633385";"Di-hidroergocristina";\N
"11440";"@brasil17552431408";"Di-hidroergocristina + Flunarizina";\N
"11441";"@brasil19550257192";"Di-hidroergotamina + Dipirona + Cafeína";\N
"11442";"@brasil15093992048";"Diltiazem";\N
"11443";"@brasil16819188972";"Dimenidrinato";\N
"11444";"@brasil18813969024";"Dimenidrinato + Piridoxina";\N
"11445";"@brasil13612278515";"Dimeticona";\N
"11446";"@brasil11619485812";"Dinitrato de Isossorbida";\N
"11447";"@brasil17260593823";"Diosmina + Hesperidina";\N
"11448";"@brasil11444511991";"Dipiridamol";\N
"11449";"@brasil15440778791";"Dipirona";\N
"11450";"@brasil12870358295";"Dissulfiram";\N
"11451";"@brasil18029455408";"Domperidona";\N
"11452";"@brasil11536202468";"Donepezila";\N
"11453";"@brasil13592646421";"Doxazosina";\N
"11454";"@brasil13354625014";"Doxazosina + Finasterida";\N
"11455";"@brasil15995186114";"Doxiciclina";\N
"11456";"@brasil19912055840";"Drospirenona + Etinilestradiol";\N
"11457";"@brasil11574721169";"Duloxetina";\N
"11458";"@brasil18137438628";"Dutasterida";\N
"11459";"@brasil15963029949";"Dutasterida + Tansulosina";\N
"11460";"@brasil15402834167";"Ebastina";\N
"11461";"@brasil19125081298";"Ebastina + Pseudoefedrina";\N
"11462";"@brasil19416904297";"Efavirenz";\N
"11463";"@brasil19709277905";"Eltrombopague Olamina";\N
"11464";"@brasil10295676942";"Empagliflozina";\N
"11465";"@brasil12350551300";"Enalapril";\N
"11466";"@brasil10865725986";"Enalapril + Hidroclorotiazida";\N
"11467";"@brasil17276976337";"Entacapona";\N
"11468";"@brasil13787704037";"Entecavir";\N
"11469";"@brasil17107591484";"Ergometrina";\N
"11470";"@brasil14174845621";"Eritromicina";\N
"11471";"@brasil19551453960";"Erlotinibe";\N
"11472";"@brasil15232733249";"Escitalopram";\N
"11473";"@brasil17509304672";"Escopolamina";\N
"11474";"@brasil11848323923";"Esomeprazol";\N
"11475";"@brasil16713705905";"Espiramicina";\N
"11476";"@brasil18023558069";"Espironolactona";\N
"11477";"@brasil19976672937";"Espironolactona + Hidroclorotiazida";\N
"11478";"@brasil15812690792";"Estavudina";\N
"11479";"@brasil19133435457";"Estazolam";\N
"11480";"@brasil18229105217";"Estearato de Eritromicina";\N
"11481";"@brasil13745220026";"Estradiol";\N
"11482";"@brasil14038784785";"Estradiol + Didrogesterona";\N
"11483";"@brasil18958264158";"Estriol";\N
"11484";"@brasil12674966744";"Estrogênios Conjugados";\N
"11485";"@brasil16500041554";"Etambutol";\N
"11486";"@brasil14475307849";"Etexilato de Dabigatrana";\N
"11487";"@brasil12876414890";"Etionamida";\N
"11488";"@brasil10956151215";"Etodolaco";\N
"11489";"@brasil16151511710";"Etofibrato";\N
"11490";"@brasil17889105217";"Etoposídeo";\N
"11491";"@brasil10990991266";"Etoricoxibe";\N
"11492";"@brasil11287640985";"Etossuximida";\N
"11493";"@brasil13465231435";"Etravirina";\N
"11494";"@brasil13463234530";"Everolimo";\N
"11495";"@brasil16920478656";"Ezetimiba";\N
"11496";"@brasil14212689998";"Ezetimiba + Sinvastatina";\N
"11497";"@brasil10302014331";"Famotidina";\N
"11498";"@brasil18872001969";"Fampridina";\N
"11499";"@brasil13453967163";"Fanciclovir";\N
"11500";"@brasil10653830216";"Felodipino";\N
"11501";"@brasil12907249900";"Femprocumona";\N
"11502";"@brasil12574759164";"Femproporex";\N
"11503";"@brasil14152046425";"Fenazopiridina";\N
"11504";"@brasil13035954946";"Fenilbutazona";\N
"11505";"@brasil12723635762";"Fenitoína";\N
"11506";"@brasil14510314281";"Fenobarbital";\N
"11507";"@brasil14380664427";"Fenofibrato";\N
"11508";"@brasil18372379603";"Ferripolimaltose";\N
"11509";"@brasil18719905043";"Fexofenadina";\N
"11510";"@brasil18482386718";"Fexofenadina + Pseudoefedrina";\N
"11511";"@brasil16252218768";"Finasterida";\N
"11512";"@brasil15813933996";"Fingolimode";\N
"11513";"@brasil10313013986";"Flucitosina";\N
"11514";"@brasil14123268250";"Fluconazol";\N
"11515";"@brasil19677299603";"Fludrocortisona";\N
"11516";"@brasil16016693575";"Flufenazina";\N
"11517";"@brasil11051569376";"Flunarizina";\N
"11518";"@brasil17207766459";"Flunitrazepam";\N
"11519";"@brasil12884124481";"Fluoxetina";\N
"11520";"@brasil12797323336";"Flurazepam";\N
"11521";"@brasil15334243545";"Flutamida";\N
"11522";"@brasil18279248025";"Fluvastatina";\N
"11523";"@brasil15393509803";"Fluvoxamina";\N
"11524";"@brasil12129805247";"Formoterol";\N
"11525";"@brasil14468497133";"Fosamprenavir";\N
"11526";"@brasil15953070236";"Fosfato de Cálcio + Colecalciferol";\N
"11527";"@brasil16359860091";"Fosfato de Cloroquina";\N
"11528";"@brasil13940090055";"Fosinopril";\N
"11529";"@brasil10620870310";"Furazolidona";\N
"11530";"@brasil11284081693";"Furosemida";\N
"11531";"@brasil14557797846";"Furosemida + Amilorida";\N
"11532";"@brasil18936744459";"Furosemida + Cloreto de Potássio";\N
"11533";"@brasil11010329071";"Espironolactona + Furosemida";\N
"11534";"@brasil18241412282";"Gabapentina";\N
"11535";"@brasil18176074508";"Galantamina";\N
"11536";"@brasil16156136006";"Ganciclovir";\N
"11537";"@brasil16252456814";"Gefitinibe";\N
"11538";"@brasil12793876362";"Genfibrozila";\N
"11539";"@brasil15212011675";"Gestodeno + Etinilestradiol";\N
"11540";"@brasil17678429601";"Ginkgo biloba";\N
"11541";"@brasil12756113290";"Glibenclamida";\N
"11542";"@brasil10745277953";"Glibenclamida + Metformina";\N
"11543";"@brasil15458050206";"Glicinato de Magnésio + Piridoxina";\N
"11544";"@brasil15054417479";"Glicinato Férrico";\N
"11545";"@brasil18897937086";"Gliclazida";\N
"11546";"@brasil19326433303";"Glimepirida";\N
"11547";"@brasil19938355570";"Glimepirida + Metformina";\N
"11548";"@brasil11712478250";"Glipizida";\N
"11549";"@brasil18747324847";"Glycine max (Isoflavona de Soja)";\N
"11550";"@brasil18599189796";"Glycine max + Persea gratissima";\N
"11551";"@brasil16753974747";"Griseofulvina";\N
"11552";"@brasil17972304659";"Haloperidol";\N
"11553";"@brasil19599599360";"Harpagophytum procumbens (Garra do Diabo)";\N
"11554";"@brasil14081083138";"Hidroclorotiazida";\N
"11555";"@brasil11606617914";"Hidrocortisona";\N
"11556";"@brasil15789840467";"Hidromorfona";\N
"11557";"@brasil14129348902";"Hidroxicloroquina";\N
"11558";"@brasil13277223419";"Hidróxido de Alumínio";\N
"11559";"@brasil13998070696";"Hidróxido de Alumínio + Hidróxido de Magnésio";\N
"11560";"@brasil10158683535";"Hidroxiureia";\N
"11561";"@brasil18799205894";"Hidroxizina";\N
"11562";"@brasil13519979177";"Hypericum perforatum";\N
"11563";"@brasil11202278509";"Ibuprofeno";\N
"11564";"@brasil15451455324";"Ibuprofeno + Paracetamol + Carisoprodol + Piridoxina";\N
"11565";"@brasil13650441404";"Idebenona";\N
"11566";"@brasil11897841357";"Imatinibe";\N
"11567";"@brasil18537882879";"Imipramina";\N
"11568";"@brasil16995890638";"Indacaterol";\N
"11569";"@brasil19365804863";"Indapamida";\N
"11570";"@brasil15841352710";"Indinavir";\N
"11571";"@brasil11109349271";"Indometacina";\N
"11572";"@brasil18022688530";"Irbesartana";\N
"11573";"@brasil16785395150";"Irbesartana + Hidroclorotiazida";\N
"11574";"@brasil19858910467";"Isoniazida";\N
"11575";"@brasil18938367196";"Isoniazida + Rifampicina";\N
"11576";"@brasil15115104889";"Isotretinoína";\N
"11577";"@brasil18760423163";"Isoxsuprina";\N
"11578";"@brasil18456801461";"Itraconazol";\N
"11579";"@brasil16002738125";"Ivabradina";\N
"11580";"@brasil14643286553";"Ivermectina";\N
"11581";"@brasil15208218697";"Lacidipino";\N
"11582";"@brasil12111234134";"Lacosamida";\N
"11583";"@brasil14931514890";"Lactase";\N
"11584";"@brasil18323872356";"Lamivudina";\N
"11585";"@brasil16824817420";"Lamotrigina";\N
"11586";"@brasil19152470340";"Lansoprazol";\N
"11587";"@brasil15287899750";"Lapatinibe";\N
"11588";"@brasil18982088041";"Leflunomida";\N
"11589";"@brasil19046741264";"Lenalidomida";\N
"11590";"@brasil18287442509";"Lercanidipino";\N
"11591";"@brasil14296989061";"Letrozol";\N
"11592";"@brasil16622618087";"Levanlodipino";\N
"11593";"@brasil10222123562";"Levetiracetam";\N
"11594";"@brasil11242763856";"Levodopa + Benserazida";\N
"11595";"@brasil15547448903";"Levodopa + Carbidopa";\N
"11596";"@brasil14008953257";"Levodopa + Carbidopa + Entacapona";\N
"11597";"@brasil13402419883";"Levofloxacino";\N
"11598";"@brasil14985239955";"Levomepromazina";\N
"11599";"@brasil14718940437";"Levonorgestrel";\N
"11600";"@brasil18638982629";"Levonorgestrel + Etinilestradiol";\N
"11601";"@brasil19038092146";"Levotiroxina Sódica";\N
"11602";"@brasil19273513152";"Linagliptina";\N
"11603";"@brasil19253289631";"Linezolida";\N
"11604";"@brasil18445909010";"Lisdexanfetamina";\N
"11605";"@brasil14469676467";"Lisinopril";\N
"11606";"@brasil17010655612";"Lisinopril + Hidroclorotiazida";\N
"11607";"@brasil11644248972";"Loperamida";\N
"11608";"@brasil17189278328";"Lopinavir + Ritonavir";\N
"11609";"@brasil11013645035";"Loratadina";\N
"11610";"@brasil13500390501";"Loratadina + Pseudoefedrina";\N
"11611";"@brasil14461017710";"Lorazepam";\N
"11612";"@brasil11803917354";"Lornoxicam";\N
"11613";"@brasil15636533949";"Losartana";\N
"11614";"@brasil12770917994";"Losartana + Hidroclorotiazida";\N
"11615";"@brasil16944988430";"Lovastatina";\N
"11616";"@brasil16412188480";"Maprotilina";\N
"11617";"@brasil11225977418";"Maraviroque";\N
"11618";"@brasil16893321960";"Maytenus ilicifolia (Espinheira Santa)";\N
"11619";"@brasil10788677855";"Mebendazol";\N
"11620";"@brasil13263423705";"Mebendazol + Tiabendazol";\N
"11621";"@brasil13951085268";"Mebeverina";\N
"11622";"@brasil19965155532";"Meclozina";\N
"11623";"@brasil17972522169";"Medroxiprogesterona";\N
"11624";"@brasil19967144558";"Megestrol";\N
"11625";"@brasil15918156592";"Melfalana";\N
"11626";"@brasil19689349595";"Melilotus officinalis (Trevo Amarelo)";\N
"11627";"@brasil10692278509";"Meloxicam";\N
"11628";"@brasil14393344067";"Memantina";\N
"11629";"@brasil19889885119";"Mentha piperita (Hortelã)";\N
"11630";"@brasil16269393707";"Mercaptamina";\N
"11631";"@brasil11677313484";"Mercaptopurina";\N
"11632";"@brasil19578386608";"Mesalazina";\N
"11633";"@brasil12859992898";"Mesilato de Codergocrina";\N
"11634";"@brasil15564804974";"Metadona";\N
"11635";"@brasil19244046488";"Metformina";\N
"11636";"@brasil19525817825";"Metildopa";\N
"11637";"@brasil19896949974";"Metilergometrina ";\N
"11638";"@brasil10907296705";"Metilfenidato";\N
"11639";"@brasil14845633910";"Metoclopramida";\N
"11640";"@brasil11506279744";"Metoclopramida + Simeticona + Pepsina";\N
"11641";"@brasil12994497298";"Metoprolol";\N
"11642";"@brasil10453647570";"Metoprolol + Hidroclorotiazida";\N
"11643";"@brasil13284746261";"Metotrexato";\N
"11644";"@brasil15062788905";"Metoxisaleno";\N
"11645";"@brasil15459706051";"Metronidazol";\N
"11646";"@brasil12110163849";"Micofenolato de Mofetila";\N
"11647";"@brasil14171701402";"Micofenolato de Sódio";\N
"11648";"@brasil14528015770";"Midazolam";\N
"11649";"@brasil10124974957";"Midodrina";\N
"11650";"@brasil17040827782";"Miglustate";\N
"11651";"@brasil14829214348";"Minociclina";\N
"11652";"@brasil13023588705";"Minoxidil";\N
"11653";"@brasil10630300789";"Mirtazapina";\N
"11654";"@brasil14080738138";"Misoprostol";\N
"11655";"@brasil18512788635";"Mitotano";\N
"11656";"@brasil10321729070";"Modafinila";\N
"11657";"@brasil16070279753";"Mometasona";\N
"11658";"@brasil19386211864";"Mononitrato de Isossorbida";\N
"11659";"@brasil18720220370";"Montelucaste";\N
"11660";"@brasil15442466571";"Morfina";\N
"11661";"@brasil11051672054";"Morus nigra 500 (Amora)";\N
"11662";"@brasil18930960862";"Moxifloxacino";\N
"11663";"@brasil11499788463";"Multivitaminas e Sais Minerais";\N
"11664";"@brasil10706060034";"Naltrexona";\N
"11665";"@brasil19030935090";"Naproxeno";\N
"11666";"@brasil13036495662";"Naproxeno + Esomeprazol";\N
"11667";"@brasil18089673347";"Naproxeno Sódico";\N
"11668";"@brasil11338880062";"Naratriptana";\N
"11669";"@brasil12425380573";"Nateglinida";\N
"11670";"@brasil18110262990";"Nebivolol";\N
"11671";"@brasil13275173541";"Nelfinavir";\N
"11672";"@brasil12045079041";"Nevirapina";\N
"11673";"@brasil10399874895";"Nicergolina";\N
"11674";"@brasil15864137657";"Nifedipino";\N
"11675";"@brasil18121063910";"Nilotinibe";\N
"11676";"@brasil13012906891";"Nimesulida";\N
"11677";"@brasil10701343034";"Nimesulida Betaciclodextrina";\N
"11678";"@brasil14467994806";"Nimodipino";\N
"11679";"@brasil10235945236";"Nitazoxanida";\N
"11680";"@brasil17775742072";"Nitrazepam";\N
"11681";"@brasil18170874962";"Nitrendipino";\N
"11682";"@brasil17527148905";"Nitrofurantoína";\N
"11683";"@brasil13123119950";"Nomegestrol";\N
"11684";"@brasil13034153340";"Noretisterona";\N
"11685";"@brasil15801407158";"Norfloxacino";\N
"11686";"@brasil19904576081";"Norgestimato + Etinilestradiol";\N
"11687";"@brasil12118659243";"Nortriptilina";\N
"11688";"@brasil10879568280";"Ofloxacino";\N
"11689";"@brasil18041863978";"Olanzapina";\N
"11690";"@brasil17570615360";"Olmesartana Medoxomila";\N
"11691";"@brasil13727485176";"Olmesartana Medoxomila + Anlodipino";\N
"11692";"@brasil15925580108";"Olmesartana Medoxomila + Hidroclorotiazida";\N
"11693";"@brasil18445445323";"Omeprazol";\N
"11694";"@brasil14450486603";"Omeprazol + Claritromicina + Amoxicilina";\N
"11695";"@brasil16916097351";"Ondansetrona";\N
"11696";"@brasil11229027258";"Orfenadrina + Dipirona + Cafeína";\N
"11697";"@brasil15396844543";"Orlistate";\N
"11698";"@brasil13297141251";"Oseltamivir";\N
"11699";"@brasil10295172938";"Oxcarbazepina";\N
"11700";"@brasil11584441243";"Oxibutinina";\N
"11701";"@brasil17036687708";"Oxicodona";\N
"11702";"@brasil10430115125";"Oximetolona";\N
"11703";"@brasil11040512807";"Paliperidona";\N
"11704";"@brasil13912218969";"Pancreatina";\N
"11705";"@brasil16439556735";"Pancrelipase";\N
"11706";"@brasil10461127077";"Pantoprazol";\N
"11707";"@brasil12986965488";"Paracetamol";\N
"11708";"@brasil13551446518";"Paracetamol + Amitriptilina + Ciclobenzaprina + Meloxicam";\N
"11709";"@brasil18796336433";"Paracetamol + Amitriptilina + Meloxicam";\N
"11710";"@brasil13327342925";"Paracetamol + Carisoprodol + Cafeína";\N
"11711";"@brasil10247705633";"Paracetamol + Carisoprodol + Fenilbutazona";\N
"11712";"@brasil11256499700";"Paracetamol + Clorfeniramina + Fenilefrina";\N
"11713";"@brasil15539381908";"Paracetamol + Codeína";\N
"11714";"@brasil13927410750";"Paracetamol + Famotidina + Tramadol";\N
"11715";"@brasil13018908334";"Paracetamol + Meloxicam + Ciclobenzaprina";\N
"11716";"@brasil13312309730";"Paroxetina";\N
"11717";"@brasil17504823958";"Passiflora incarnata";\N
"11718";"@brasil17587190909";"Passiflora incarnata + Crataegus oxyacantha + Salix alba";\N
"11719";"@brasil15421482980";"Pazopanibe";\N
"11720";"@brasil14345842481";"Penfluridol";\N
"11721";"@brasil15464763775";"Penicilamina";\N
"11722";"@brasil14286291741";"Pentoxifilina";\N
"11723";"@brasil15037167690";"Pergolida";\N
"11724";"@brasil12326963535";"Periciazina";\N
"11725";"@brasil16523314914";"Perindopril Erbumina";\N
"11726";"@brasil15635684275";"Perindopril Erbumina + Indapamida";\N
"11727";"@brasil18608476944";"Permanganato de Potássio";\N
"11728";"@brasil16135332206";"Petasites hybridus";\N
"11729";"@brasil14851230507";"Pimozida";\N
"11730";"@brasil15850156223";"Brometo de Pinavério";\N
"11731";"@brasil14697089905";"Pindolol";\N
"11732";"@brasil15934981167";"Pindolol + Clopamida";\N
"11733";"@brasil15583636429";"Pinus pinaster";\N
"11734";"@brasil10113238952";"Pioglitazona";\N
"11735";"@brasil13815285779";"Piper methysticum (Kava-Kava)";\N
"11736";"@brasil18736712352";"Piracetam";\N
"11737";"@brasil12237704732";"Piracetam + Di-hidroergocristina";\N
"11738";"@brasil14978386911";"Pirazinamida";\N
"11739";"@brasil18178820671";"Piribedil";\N
"11740";"@brasil15958942933";"Piridostigmina";\N
"11741";"@brasil15258252959";"Piridoxina";\N
"11742";"@brasil18414436305";"Pirimetamina";\N
"11743";"@brasil16297422959";"Piroxicam";\N
"11744";"@brasil16243806187";"Pitavastatina";\N
"11745";"@brasil12326762369";"Pizotifeno";\N
"11746";"@brasil12902393593";"Policarbofila";\N
"11747";"@brasil17531681168";"Polypodium leucotomos";\N
"11748";"@brasil18951225371";"Pramipexol";\N
"11749";"@brasil12161083659";"Prasugrel";\N
"11750";"@brasil13951742493";"Pravastatina";\N
"11751";"@brasil13275461794";"Praziquantel";\N
"11752";"@brasil14522081802";"Prednisolona";\N
"11753";"@brasil12784023938";"Pregabalina";\N
"11754";"@brasil10353874591";"Primaquina";\N
"11755";"@brasil13417301449";"Primidona";\N
"11756";"@brasil16024883784";"Progesterona";\N
"11757";"@brasil19872514882";"Promestrieno";\N
"11758";"@brasil11287923371";"Prometazina";\N
"11759";"@brasil16822072514";"Propafenona";\N
"11760";"@brasil10246592768";"Propatilnitrato";\N
"11761";"@brasil10766746606";"Propiltiouracila";\N
"11762";"@brasil13093955034";"Propranolol";\N
"11763";"@brasil13169535660";"Propranolol + Hidroclorotiazida";\N
"11764";"@brasil16565813510";"Prucaloprida";\N
"11765";"@brasil13320460880";"Quetiapina";\N
"11766";"@brasil16904864176";"Rabeprazol";\N
"11767";"@brasil14562938551";"Racecadotrila";\N
"11768";"@brasil12100100536";"Raloxifeno";\N
"11769";"@brasil16811687336";"Raltegravir";\N
"11770";"@brasil17758135381";"Ramipril";\N
"11772";"@brasil18503670214";"Ramipril + Hidroclorotiazida";\N
"11773";"@brasil17451505750";"Ranelato de Estrôncio";\N
"11774";"@brasil11746518416";"Ranitidina";\N
"11775";"@brasil16378075140";"Repaglinida";\N
"11776";"@brasil16650820760";"Rhamnus purshiana";\N
"11777";"@brasil14119878693";"Ribavirina";\N
"11778";"@brasil10646931491";"Riboflavina";\N
"11779";"@brasil10875021684";"Rifabutina";\N
"11780";"@brasil12434314257";"Rifampicina";\N
"11781";"@brasil19546506542";"Rifampicina + Isoniazida + Pirazinamida + Etambutol";\N
"11782";"@brasil10429590250";"Rilmenidina";\N
"11783";"@brasil13508431932";"Riluzol";\N
"11784";"@brasil16253389217";"Risedronato Sódico";\N
"11785";"@brasil10741650601";"Risperidona";\N
"11786";"@brasil14948085661";"Ritonavir";\N
"11787";"@brasil12515476812";"Rivaroxabana";\N
"11788";"@brasil17733127387";"Rivastigmina";\N
"11789";"@brasil11119206808";"Rizatriptana";\N
"11790";"@brasil12396652187";"Roflumilaste";\N
"11791";"@brasil18625640819";"Rosuvastatina";\N
"11792";"@brasil15938247846";"Rupatadina";\N
"11793";"@brasil13814317083";"Saccharomyces boulardii";\N
"11794";"@brasil11256842184";"Salbutamol";\N
"11795";"@brasil14841259981";"Salicilato de Bismuto Monobásico";\N
"11796";"@brasil10435773664";"Sapropterina";\N
"11797";"@brasil17655088683";"Saquinavir";\N
"11798";"@brasil16968122734";"Saxagliptina";\N
"11799";"@brasil11875347933";"Saxagliptina + Metformina";\N
"11800";"@brasil18472371768";"Secnidazol";\N
"11801";"@brasil16735815354";"Selegina";\N
"11802";"@brasil18261961775";"Senna alexandrina";\N
"11803";"@brasil11102363122";"Sertralina";\N
"11804";"@brasil10725930593";"Sibutramina";\N
"11805";"@brasil10322563908";"Sildenafila";\N
"11806";"@brasil19435028068";"Silimarina";\N
"11807";"@brasil16207448928";"Silybum marianum";\N
"11808";"@brasil12732160744";"Silybum marianum (L.) Gaertn. ";\N
"11809";"@brasil15038457245";"Simeprevir";\N
"11810";"@brasil16995804305";"Simeticona";\N
"11811";"@brasil19863650098";"Sinvastatina";\N
"11812";"@brasil18330837885";"Sitagliptina";\N
"11813";"@brasil12063239441";"Sitagliptina + Metformina";\N
"11814";"@brasil15323683855";"Sofosbuvir";\N
"11815";"@brasil10428701266";"Solifenacina";\N
"11816";"@brasil16172455069";"Sorafenibe";\N
"11817";"@brasil19576171857";"Sotalol";\N
"11818";"@brasil19363494391";"Sucralfato";\N
"11819";"@brasil18088956695";"Sulfadiazina";\N
"11820";"@brasil12354300609";"Sulfametoxazol + Trimetoprima";\N
"11821";"@brasil17504633269";"Sulfassalazina";\N
"11822";"@brasil10460264831";"Sulfato de Glicosamina + Sulfato de Condroitina";\N
"11823";"@brasil19787424651";"Sulfato de Quinina";\N
"11824";"@brasil17556329076";"Sulfato Ferroso";\N
"11825";"@brasil18419371737";"Sulpirida";\N
"11826";"@brasil19427871766";"Sulpirida + Bromazepam";\N
"11827";"@brasil11881243931";"Sultiamo";\N
"11828";"@brasil11122604664";"Sumatriptana";\N
"11829";"@brasil19969291833";"Sunitinibe";\N
"11830";"@brasil16478645489";"Tacrolimo";\N
"11831";"@brasil12485352252";"Tadalafila";\N
"11832";"@brasil12990825103";"Talidomida";\N
"11833";"@brasil17498069066";"Tamoxifeno";\N
"11834";"@brasil18517870331";"Tansulosina";\N
"11835";"@brasil10095144770";"Teclozana";\N
"11836";"@brasil14922113160";"Tegaserode";\N
"11837";"@brasil14325131804";"Telaprevir";\N
"11838";"@brasil16859319848";"Telmisartana";\N
"11839";"@brasil11321204137";"Telmisartana + Anlodipino";\N
"11840";"@brasil16028061447";"Telmisartana + Hidroclorotiazida";\N
"11841";"@brasil16176695138";"Temozolomida";\N
"11842";"@brasil12799291658";"Tenofovir";\N
"11843";"@brasil15466373184";"Tenofovir + Lamivudina";\N
"11844";"@brasil18933991256";"Tenofovir + Lamivudina + Efavirenz";\N
"11845";"@brasil18270837037";"Tenoxicam";\N
"11846";"@brasil14552211727";"Teofilina";\N
"11847";"@brasil17948547830";"Terbinafina";\N
"11848";"@brasil16086104283";"Terizidona";\N
"11849";"@brasil16584878233";"Tetraciclina";\N
"11850";"@brasil14666078624";"Tiabendazol";\N
"11851";"@brasil13575758731";"Tiamazol";\N
"11852";"@brasil13880558090";"Tiamina";\N
"11853";"@brasil18675514568";"Tianfenicol";\N
"11854";"@brasil11735898880";"Tibolona";\N
"11855";"@brasil12652951005";"Ticagrelor";\N
"11856";"@brasil18057058692";"Ticlopidina";\N
"11857";"@brasil12326440756";"Timomodulina";\N
"11858";"@brasil17461028011";"Tinidazol";\N
"11859";"@brasil10325818098";"Tiocolchicosídeo";\N
"11860";"@brasil19246006763";"Tioridazina";\N
"11861";"@brasil15252579835";"Tiotrópio";\N
"11862";"@brasil18524879195";"Tipranavir";\N
"11863";"@brasil16866656779";"Tizanidina";\N
"11864";"@brasil18758646619";"Tolcapona";\N
"11865";"@brasil13193263068";"Tolterodina";\N
"11866";"@brasil19690375791";"Topiramato";\N
"11867";"@brasil18872090062";"Tramadol";\N
"11868";"@brasil15289323249";"Tramadol + Paracetamol";\N
"11869";"@brasil19830346366";"Tranilcipromina";\N
"11870";"@brasil13283762393";"Trazodona";\N
"11871";"@brasil16927773174";"Tretinoína";\N
"11872";"@brasil14787579004";"Triexifenidil";\N
"11873";"@brasil13154575807";"Trifluoperazina";\N
"11874";"@brasil11410142332";"Triflusal";\N
"11875";"@brasil17586984546";"Trifolium pratense";\N
"11876";"@brasil13704496046";"Trimebutina";\N
"11877";"@brasil15761526901";"Trimetazidina";\N
"11878";"@brasil17694146675";"Trioxisaleno";\N
"11879";"@brasil11186152985";"Trometamol Cetorolaco";\N
"11880";"@brasil12848325205";"Ubidecarenona";\N
"11881";"@brasil10683167380";"Uncaria tomentosa";\N
"11882";"@brasil14870861594";"Vaccinium macrocarpon (Cranberry)";\N
"11883";"@brasil12304806142";"Valaciclovir";\N
"11884";"@brasil16911446233";"Valerato de Estradiol + Dienogeste";\N
"11885";"@brasil17642813050";"Valeriana officinalis";\N
"11886";"@brasil17479726863";"Valeriana officinalis + Humulus lupulus";\N
"11887";"@brasil14470195474";"Valganciclovir";\N
"11888";"@brasil19911797091";"Valproato de Sódio";\N
"11889";"@brasil16148399342";"Valsartana";\N
"11890";"@brasil11006605746";"Valsartana +  Hidroclorotiazida";\N
"11891";"@brasil16587831009";"Valsartana +  Hidroclorotiazida + Anlodipino";\N
"11892";"@brasil19919338121";"Vardenafila";\N
"11893";"@brasil19833197889";"Vareniclina";\N
"11894";"@brasil19407975391";"Varfarina";\N
"11895";"@brasil17540283599";"Varfarina Sódica";\N
"11896";"@brasil19477492130";"Vemurafenibe";\N
"11897";"@brasil14766610165";"Venlafaxina";\N
"11898";"@brasil15400574741";"Verapamil";\N
"11899";"@brasil12703043521";"Vigabatrina";\N
"11900";"@brasil17313493690";"Vildagliptina";\N
"11901";"@brasil18458338199";"Vildagliptina + Metformina";\N
"11902";"@brasil10351210235";"Vimpocetina";\N
"11903";"@brasil16381036885";"Vinorelbina";\N
"11904";"@brasil10851554032";"Vitis Vinifera";\N
"11905";"@brasil15114659809";"Voriconazol";\N
"11906";"@brasil13018637263";"Zidovudina";\N
"11907";"@brasil19749207196";"Zidovudina + Lamivudina";\N
"11908";"@brasil19690124502";"Ziprasidona";\N
"11909";"@brasil19203001230";"Zolpidem";\N
"11910";"@brasil16944632954";"Zopiclona";\N
"11911";"@brasil17114161388";"Zuclopentixol";\N
"11912";"@brasil14736908388";"Não existe ainda nenhuma associação de VTM para este VMP";\N
"11913";"@brasil12342058085";"Levocetirizina";\N
"42686";"@brasil17499565571";"Abatacepte";"abatacepte"
"42687";"@brasil10471653909";"Aceponato de Metilprednisolona";\N
"42688";"@brasil19859573140";"Acetato de Sódio";\N
"42689";"@brasil17882904285";"Acetato de Zinco";\N
"42690";"@brasil19835802314";"Acetilcisteína + Tuaminoeptano";\N
"42691";"@brasil15530299026";"Ácido Aminocaproico";\N
"42692";"@brasil18144088495";"Ácido Fólico + Racealfatocoferol";\N
"42693";"@brasil14129545709";"Ácido Folínico";\N
"42694";"@brasil16215463368";"Ácido Fusídico";\N
"42695";"@brasil18688680023";"Ácido Fusídico + Betametasona";\N
"42696";"@brasil14797010322";"Ácido Paraminossalicílico";\N
"42697";"@brasil17919011848";"Ácido Poliacrílico";\N
"42698";"@brasil15204028583";"Ácido Salicílico";\N
"42699";"@brasil12263107682";"Ácido Salicílico + Ácido Láctico";\N
"42700";"@brasil15703452968";"Ácido Zoledrônico";\N
"42701";"@brasil11727942107";"Adapaleno";\N
"42702";"@brasil11529351938";"Adenosina";\N
"42703";"@brasil12462933679";"Água";\N
"42704";"@brasil17726612888";"Alcatrão Mineral";\N
"42705";"@brasil11244263714";"Álcool Polivinílico + Povidona";\N
"42706";"@brasil13041480213";"Alentuzumabe";\N
"42707";"@brasil11474610232";"Alfa1antitripsina";\N
"42708";"@brasil18248610828";"Alfacoriogonadotropina";\N
"42709";"@brasil16819223756";"Alfadornase";\N
"42710";"@brasil19350286607";"Alfaepoetina";\N
"42711";"@brasil16293762079";"Alfafolitropina";\N
"42712";"@brasil13417950879";"Alfainterferona 2a";\N
"42713";"@brasil18208468469";"Alfainterferona 2b";\N
"42714";"@brasil10788490017";"Alfalutropina";\N
"42715";"@brasil19317044985";"Alfapeginterferona 2a";\N
"42716";"@brasil14219755188";"Alfapeginterferona 2b";\N
"42717";"@brasil13147641291";"Alfataliglicerase";\N
"42718";"@brasil13078941201";"Alfatirotropina";\N
"42719";"@brasil15951782440";"Alfavelaglicerase";\N
"42720";"@brasil10522088910";"Alfentanila";\N
"42721";"@brasil14755097537";"Algestona + Estradiol";\N
"42722";"@brasil12209221265";"Aloe vera";\N
"42723";"@brasil16780814020";"Alprostadil";\N
"42724";"@brasil17276406619";"Alteplase";\N
"42725";"@brasil16039591342";"Ambroxol";\N
"42726";"@brasil18368737163";"Amicacina";\N
"42727";"@brasil13724912099";"Amorolfina";\N
"42728";"@brasil13518349316";"Ampicilina + Sulbactam";\N
"42729";"@brasil16417010589";"Anfotericina B";\N
"42730";"@brasil11530005308";"Anfotericina B Lipossomal";\N
"42731";"@brasil18398995079";"Anidulafungina";\N
"42732";"@brasil17404959784";"Antimoniato de Meglumina";\N
"42733";"@brasil11827813992";"Trióxido de Arsênio";\N
"42734";"@brasil16924190917";"Arteméter";\N
"42735";"@brasil19137512917";"Artesunato";\N
"42736";"@brasil14914992147";"Asparaginase";\N
"42737";"@brasil17162422291";"Aspartato de Ornitina";\N
"42738";"@brasil11067135324";"Atracúrio";\N
"42739";"@brasil13848410055";"Atropina";\N
"42740";"@brasil16040644612";"Azacitidina";\N
"42741";"@brasil18657993205";"Azelastina";\N
"42742";"@brasil15168032500";"Aztreonam";\N
"42743";"@brasil19866183193";"Bambuterol";\N
"42744";"@brasil13826818775";"Basiliximabe";\N
"42745";"@brasil19535544605";"Beclometasona + Salbutamol";\N
"42746";"@brasil16197267011";"Belimumabe";\N
"42747";"@brasil12379701548";"Bendamustina";\N
"42748";"@brasil13306707015";"Benfotiamina";\N
"42749";"@brasil19394430739";"Benzalcônio + Cetrimônio";\N
"42750";"@brasil17052032961";"Benzalcônio + Cloreto de Sódio";\N
"42751";"@brasil17076872899";"Benzidamina";\N
"42752";"@brasil14228265921";"Benzilpenicilina Benzatina";\N
"42753";"@brasil19910711215";"Benzilpenicilina Potássica";\N
"42754";"@brasil16868758625";"Benzilpenicilina Procaína + Benzilpenicilina Potássica";\N
"42755";"@brasil14611659788";"Benzoato de Benzila";\N
"42756";"@brasil12452023374";"Benzoato de Sódio";\N
"42757";"@brasil18425137816";"Benzocaína + Triclosana + Mentol";\N
"42758";"@brasil14769619268";"Benzoilmetronidazol";\N
"42759";"@brasil18572683200";"Beractanto";\N
"42760";"@brasil18554558508";"Betaepoetina";\N
"42761";"@brasil17054743250";"Betafolitropina";\N
"42762";"@brasil19610041033";"Betagalsidase";\N
"42763";"@brasil16885975725";"Betainterferona 1a";\N
"42764";"@brasil15599755834";"Betainterferona 1b";\N
"42765";"@brasil17340852306";"Betametasona + Ácido Salicílico ";\N
"42766";"@brasil19904994338";"Betametasona + Formoterol";\N
"42767";"@brasil17502415082";"Betametasona + Gentamicina";\N
"42768";"@brasil17797092707";"Betaxolol";\N
"42769";"@brasil16478218598";"Bevacizumabe";\N
"42770";"@brasil18999815179";"Bicarbonato de Sódio";\N
"42771";"@brasil15564420413";"Bimatoprosta";\N
"42772";"@brasil10822656834";"Bleomicina";\N
"42773";"@brasil17420023237";"Bortezomibe";\N
"42774";"@brasil14632145998";"Brentuximabe Vedotina";\N
"42775";"@brasil10900660585";"Brimonidina";\N
"42776";"@brasil10606865239";"Brimonidina + Timolol";\N
"42777";"@brasil10332344751";"Brinzolamida";\N
"42778";"@brasil19841128343";"Brinzolamida + Timolol";\N
"42779";"@brasil18208607776";"Bromexina";\N
"42780";"@brasil11519654160";"Bupivacaína";\N
"42781";"@brasil12972447780";"Butoconazol";\N
"42782";"@brasil10303276729";"Cabazitaxel";\N
"42783";"@brasil12599040615";"Calcipotriol";\N
"42784";"@brasil12085373197";"Calcipotriol + Betametasona";\N
"42785";"@brasil12629744448";"Calcitonina";\N
"42786";"@brasil16892602960";"Canaquinumabe";\N
"42787";"@brasil16573781766";"Capreomicina";\N
"42788";"@brasil12191100261";"Carbacol";\N
"42789";"@brasil11234156312";"Carbocisteína";\N
"42790";"@brasil19597481086";"Carbômer + Sorbitol";\N
"42791";"@brasil14284936806";"Carboplatina";\N
"42792";"@brasil12632241082";"Carmelose";\N
"42793";"@brasil10306395300";"Carmelose Sódica + Glicerol";\N
"42794";"@brasil13635253563";"Carnitina";\N
"42795";"@brasil17257082225";"Caspofungina";\N
"42796";"@brasil15379650745";"Cefalotina";\N
"42797";"@brasil15127007359";"Cefazolina";\N
"42798";"@brasil19496084868";"Cefepima";\N
"42799";"@brasil12099402575";"Cefotaxima";\N
"42800";"@brasil12008758579";"Cefoxitina";\N
"42801";"@brasil13745585477";"Cefrtriaxona";\N
"42802";"@brasil12701651958";"Ceftazidima";\N
"42803";"@brasil12271503667";"Cetamina";\N
"42804";"@brasil13252562770";"Cetilpiridínio + Benzocaína";\N
"42805";"@brasil19448303158";"Cetoconazol + Betametasona + Neomicina";\N
"42806";"@brasil17483827793";"Cetorolaco";\N
"42807";"@brasil19074229800";"Cetorrelix";\N
"42808";"@brasil12919665930";"Cetuximabe";\N
"42809";"@brasil17375640557";"Cianocobalamina";\N
"42810";"@brasil18119205307";"Ciclesonida";\N
"42811";"@brasil18469105173";"Ciclopentolato";\N
"42812";"@brasil17987910253";"Ciclopirox";\N
"42813";"@brasil14532236059";"Cidofovir";\N
"42814";"@brasil18697449841";"Ciprofloxacino + Dexametasona";\N
"42815";"@brasil19890541339";"Ciprofloxacino + Hidrocortisona";\N
"42816";"@brasil13360357481";"Ciproterona + Etinilestradiol";\N
"42817";"@brasil17130163698";"Cisatracúrio";\N
"42818";"@brasil15569746358";"Cisplatina";\N
"42819";"@brasil16458241003";"Citarabina";\N
"42820";"@brasil15581966251";"Hidroxocobalamina + Citidina + Uridina";\N
"42821";"@brasil18535108553";"Cladribina";\N
"42822";"@brasil15929644325";"Clemastina + Dexametasona";\N
"42823";"@brasil14042896276";"Clindamicina + Peróxido de Benzoíla";\N
"42824";"@brasil12425548714";"Clobetasol";\N
"42825";"@brasil19999055050";"Clodronato Dissódico";\N
"42826";"@brasil12718629419";"Cloranfenicol + Colagenase";\N
"42827";"@brasil13595982251";"Cloranfenicol + Lidocaína";\N
"42828";"@brasil19824023309";"Cloreto de Sódio";\N
"42829";"@brasil18332170104";"Cloreto de Sódio + Benzalcônio + Nafazolina";\N
"42830";"@brasil12188780904";"Clorexidina";\N
"42831";"@brasil15947394514";"Cloroquina";\N
"42832";"@brasil13170630169";"Clostebol + Neomicina";\N
"42833";"@brasil18010967612";"Clotrimazol";\N
"42834";"@brasil10542947863";"Clotrimazol + Dexametasona";\N
"42835";"@brasil18681836786";"Colagenase";\N
"42836";"@brasil11780340653";"Colestiramina";\N
"42837";"@brasil12856193214";"Colistimetato";\N
"42838";"@brasil18939944418";"Colistina";\N
"42839";"@brasil16131142763";"Cromoglicato Dissódico";\N
"42840";"@brasil13835880870";"Cumarina + Heparina sódica";\N
"42841";"@brasil10785976368";"Cumarina + Troxerrutina";\N
"42842";"@brasil12422239539";"Cynara scolymus (Alcachofra)";\N
"42843";"@brasil19753268899";"Dacarbazina";\N
"42844";"@brasil11499626189";"Dactinomicina";\N
"42845";"@brasil18238324556";"Dalteparina";\N
"42846";"@brasil16692744525";"Daptomicina";\N
"42847";"@brasil18748749267";"Decanoato de Zuclopentixol";\N
"42848";"@brasil13665513072";"Decitabina";\N
"42849";"@brasil12081317865";"Delapril + Manidipino";\N
"42850";"@brasil19410050415";"Deltametrina";\N
"42851";"@brasil10806298795";"Denosumabe";\N
"42852";"@brasil15801343036";"Desferroxamina";\N
"42853";"@brasil16587819107";"Deslanosídeo";\N
"42854";"@brasil15535066736";"Desonida";\N
"42855";"@brasil17911876669";"Dexametasona + Cloranfenicol + Tetrizolina";\N
"42856";"@brasil12954183445";"Dexametasona + Neomicina";\N
"42857";"@brasil11035287529";"Dexametasona + Neomicina + Polimixina B";\N
"42858";"@brasil16313887615";"Dexclorfeniramina + Betametasona";\N
"42859";"@brasil18463575799";"Dexmedetomidina";\N
"42860";"@brasil13376216461";"Dexpantenol";\N
"42861";"@brasil11490355218";"Dexrazoxano";\N
"42862";"@brasil17323127012";"Dextrocetamina";\N
"42863";"@brasil12144569718";"Diclofenaco Colestiramina";\N
"42864";"@brasil18753467860";"Diclofenaco Dietilamônio";\N
"42865";"@brasil17333630458";"Dicloridrato de Quinina";\N
"42866";"@brasil10407749022";"Difenidramina";\N
"42867";"@brasil10037854042";"Dipirona + Isometepteno + Cafeína";\N
"42868";"@brasil18966023453";"Dipirona + Prometazina + Adifenina";\N
"42869";"@brasil14716555451";"Dobutamina";\N
"42870";"@brasil16684707202";"Docetaxel";\N
"42871";"@brasil19273869970";"Dopamina";\N
"42872";"@brasil16315228552";"Dorzolamida";\N
"42873";"@brasil13754533158";"Dorzolamida + Timolol";\N
"42874";"@brasil19826980445";"Doxorrubicina";\N
"42875";"@brasil17871303060";"Droperidol";\N
"42876";"@brasil19875574277";"Dropropizina";\N
"42877";"@brasil15763962514";"Echinacea purpurea";\N
"42878";"@brasil19193090048";"Eculizumabe";\N
"42879";"@brasil18673563009";"Efedrina";\N
"42880";"@brasil15788545211";"Enfuvirtida";\N
"42881";"@brasil12922037338";"Enoxaparina Sódica";\N
"42882";"@brasil17244551363";"Epinastina";\N
"42883";"@brasil17456645113";"Epinefrina";\N
"42884";"@brasil15549571787";"Epirrubicina";\N
"42885";"@brasil15377923905";"Eritropoietina";\N
"42886";"@brasil10240904473";"Ertapeném";\N
"42887";"@brasil15070750958";"Escina + Polissulfato de Escina Sódica +  Salicilato de Dietilamina";\N
"42888";"@brasil14631041682";"Esmolol";\N
"42889";"@brasil17942955844";"Estradiol + Enantato de Noretisterona";\N
"42890";"@brasil15821654483";"Estreptomicina";\N
"42891";"@brasil15279405194";"Etanercepte";\N
"42892";"@brasil18932062831";"Etilefrina";\N
"42893";"@brasil18822098883";"Etomidato";\N
"42894";"@brasil17314306232";"Etonogestrel";\N
"42895";"@brasil10105234821";"Exemestano";\N
"42896";"@brasil18583255714";"Exenatida";\N
"42897";"@brasil12600574420";"Fator IX";\N
"42898";"@brasil17253105263";"Fator VIII";\N
"42899";"@brasil18463803368";"Fenilefrina";\N
"42900";"@brasil10559701360";"Fenilefrina + Tetracaína";\N
"42901";"@brasil17407097002";"Fenoterol";\N
"42902";"@brasil15356381240";"Fenoterol + Ipratrópio";\N
"42903";"@brasil14560615506";"Fenoximetilpenicilina";\N
"42904";"@brasil16733934120";"Fentanila";\N
"42905";"@brasil19987824389";"Fentanila + Droperidol";\N
"42906";"@brasil19737319897";"Filgrastim";\N
"42907";"@brasil18723126628";"Fitomenadiona";\N
"42909";"@brasil14403673757";"Flumazenil";\N
"42910";"@brasil15848989211";"Fluoresceína";\N
"42911";"@brasil16033925092";"Fluormetolona";\N
"42912";"@brasil12622658136";"Fluoruracila";\N
"42913";"@brasil15011515713";"Fluticasona";\N
"42914";"@brasil17189604468";"Fluticasona + Salmeterol";\N
"42915";"@brasil10913475509";"Fluticasona + Vilanterol";\N
"42916";"@brasil12998564449";"Fosfato de Histamina";\N
"42917";"@brasil12252396029";"Fosfato de Sódio";\N
"42918";"@brasil12266287106";"Fosfomicina";\N
"42920";"@brasil14574247750";"Fulvestranto";\N
"42921";"@brasil16072377743";"Gatifloxacino";\N
"42922";"@brasil16639145775";"Gelatina";\N
"42923";"@brasil14978595956";"Gencitabina";\N
"42924";"@brasil14975542764";"Gentamicina";\N
"42925";"@brasil19941926261";"Glatirâmer";\N
"42926";"@brasil14783003323";"Glicerofosfato de sódio";\N
"42927";"@brasil14089238143";"Glicerol";\N
"42928";"@brasil16097181052";"Gliconato de Cálcio";\N
"42929";"@brasil18218191141";"Glicosamina";\N
"42931";"@brasil12799412860";"Glicose";\N
"42932";"@brasil19342491186";"Cloreto de Sódio + Glicose";\N
"42933";"@brasil18314217660";"Glucagon";\N
"42934";"@brasil13543615054";"Golimumabe";\N
"42935";"@brasil12775422596";"Gosserrelina";\N
"42937";"@brasil13246268128";"Heparina Sódica";\N
"42939";"@brasil17905073162";"Hialuronato de Sódio";\N
"42941";"@brasil19786561734";"Hidralazina";\N
"42942";"@brasil15217589497";"Hidrato de Cloral";\N
"42943";"@brasil16728262589";"Hidroquinona";\N
"42946";"@brasil17988544764";"Hidróxido de Alumínio + Hidróxido de Magnésio + Simeticona";\N
"42947";"@brasil19757936361";"Hidróxido de Magnésio";\N
"42949";"@brasil14824047827";"Hidroxocobalamina";\N
"42950";"@brasil14846430358";"Hipromelose";\N
"42952";"@brasil19760008619";"Hipromelose + Dextrana";\N
"42955";"@brasil14260752334";"Icatibanto";\N
"42956";"@brasil12023736118";"Ifosfamida";\N
"42957";"@brasil17336423895";"Iloprosta";\N
"42958";"@brasil10610911435";"Imiglucerase";\N
"42959";"@brasil11045285798";"Imipeném + Cilastatina";\N
"42960";"@brasil13393694993";"Imiquimode";\N
"42961";"@brasil13832617879";"Infliximabe";\N
"42962";"@brasil18982004725";"Insulina Asparte";\N
"42963";"@brasil13412170300";"Insulina Degludeca";\N
"42964";"@brasil10114837632";"Insulina Detemir";\N
"42965";"@brasil10337677569";"Insulina Glargina";\N
"42966";"@brasil11343875257";"Insulina Glulisina";\N
"42967";"@brasil15706343887";"Insulina Lispro";\N
"42968";"@brasil14500093975";"Iodeto de Potássio";\N
"42969";"@brasil15381438521";"Ioxitalamato de Meglumina";\N
"42970";"@brasil13406910991";"Ipratrópio";\N
"42971";"@brasil10890239700";"Ipratrópio + Salbutamol";\N
"42972";"@brasil14230465835";"Irinotecano";\N
"42973";"@brasil18481610386";"Isoconazol";\N
"42974";"@brasil19716654734";"Isoflurano";\N
"42975";"@brasil13138442823";"Lactulose";\N
"42978";"@brasil16542250220";"Laronidase";\N
"42979";"@brasil13295922942";"Latanoprosta";\N
"42981";"@brasil16852864357";"Latanoprosta + Timolol";\N
"42982";"@brasil14376553271";"Leuprorrelina";\N
"42983";"@brasil11324173593";"Levobunolol";\N
"42984";"@brasil13491208462";"Levobupivacaína";\N
"42986";"@brasil13483521837";"Levodropropizina";\N
"42987";"@brasil16943984110";"Levosimendana";\N
"42988";"@brasil14269355351";"Lidocaína";\N
"42990";"@brasil10514824734";"Lidocaína + Glicose";\N
"42991";"@brasil19766057923";"Lidocaína + Prilocaína";\N
"42992";"@brasil17285815724";"Lincomicina";\N
"42993";"@brasil17130905161";"Loteprednol";\N
"42994";"@brasil13797078945";"Macrogol 4000";\N
"42995";"@brasil17592679546";"Magaldrato + Simeticona";\N
"42996";"@brasil16572161209";"Manitol";\N
"42997";"@brasil10082767716";"Sorbitol + Manitol";\N
"42998";"@brasil10697355260";"Medroxiprogesterona + Estradiol";\N
"42999";"@brasil13238473461";"Menotropina";\N
"43000";"@brasil14100301836";"Mepivacaína";\N
"43001";"@brasil10786089105";"Meropeném";\N
"43002";"@brasil11629540324";"Mesilato de Pralidoxima";\N
"43003";"@brasil15789434615";"Mesna";\N
"43004";"@brasil14058552414";"Metaraminol";\N
"43006";"@brasil12924458534";"Metilcelulose";\N
"43007";"@brasil12446635739";"Metilprednisolona";\N
"43008";"@brasil13459803398";"Metronidazol + Nistatina";\N
"43010";"@brasil19959110084";"Miconazol";\N
"43012";"@brasil19416140538";"Milrinona";\N
"43013";"@brasil17203372749";"Mitomicina";\N
"43014";"@brasil17768442440";"Mitoxantrona";\N
"43015";"@brasil17232094263";"Molgramostim";\N
"43016";"@brasil12855144302";"Mometasona + Formoterol";\N
"43017";"@brasil12579439032";"Monossulfiram";\N
"43019";"@brasil14331762560";"Mupirocina";\N
"43020";"@brasil13920496015";"Nafazolina";\N
"43023";"@brasil16607192703";"Nafazolina + Feniramina";\N
"43026";"@brasil11274475781";"Nalbufina";\N
"43027";"@brasil16550801102";"Naloxona";\N
"43028";"@brasil18930578480";"Nandrolona";\N
"43029";"@brasil15000489403";"Natalizumabe";\N
"43030";"@brasil18210711885";"Neomicina";\N
"43032";"@brasil16052091526";"Neostigmina";\N
"43033";"@brasil15628322282";"Nepafenaco";\N
"43034";"@brasil19985337143";"Nicotina";\N
"43036";"@brasil13041719181";"Nistatina";\N
"43038";"@brasil15252584781";"Nitrato de Prata";\N
"43040";"@brasil17137766671";"Nitroglicerina";\N
"43041";"@brasil19931079324";"Nitroprusseto de Sódio";\N
"43042";"@brasil18242096916";"Norepinefrina";\N
"43043";"@brasil11417246917";"Ocitocina";\N
"43044";"@brasil12359944145";"Octreotida";\N
"43045";"@brasil17547980282";"Olapatadina";\N
"43046";"@brasil10660069286";"Oleato de Etanolamina";\N
"43047";"@brasil10656405891";"Omalizumabe";\N
"43048";"@brasil11301821908";"Ornitina";\N
"43049";"@brasil14539892173";"Oxacilina";\N
"43050";"@brasil18793995451";"Oxaliplatina";\N
"43051";"@brasil10350301050";"Oxamniquina";\N
"43052";"@brasil15369519203";"Oxiconazol";\N
"43053";"@brasil15796693176";"Óxido de Zinco";\N
"43055";"@brasil12874908579";"Oximetazolina";\N
"43056";"@brasil16984463674";"Paclitaxel";\N
"43057";"@brasil16297592944";"Palivizumabe";\N
"43058";"@brasil10534574007";"Palonosetrona";\N
"43059";"@brasil13780091509";"Pamidronato Dissódico";\N
"43060";"@brasil17296735835";"Pancurônio";\N
"43061";"@brasil15143404960";"Panitumumabe";\N
"43062";"@brasil13826817602";"Papaína";\N
"43063";"@brasil13703873438";"Parecoxibe";\N
"43064";"@brasil17038914696";"Paricalcitol";\N
"43065";"@brasil14082953475";"Pegvisomanto";\N
"43067";"@brasil19298023597";"Pemetrexede";\N
"43068";"@brasil14241257871";"Pentamidina";\N
"43069";"@brasil13312218870";"Permetrina";\N
"43070";"@brasil13837321048";"Peróxido de Benzoíla";\N
"43071";"@brasil19249948940";"Peróxido de Hidrogênio";\N
"43072";"@brasil14737781866";"Pertuzumabe";\N
"43073";"@brasil15939062819";"Petidina";\N
"43074";"@brasil15481968805";"Picossulfato de Sódio";\N
"43076";"@brasil19592655876";"Pilocarpina";\N
"43077";"@brasil11517373277";"Pimecrolimo";\N
"43079";"@brasil18808899062";"Piperacilina + Tazobactam";\N
"43080";"@brasil19492375792";"Piperazina";\N
"43082";"@brasil11035182084";"Pipotiazina";\N
"43083";"@brasil16698783351";"Plerixafor";\N
"43084";"@brasil10388370816";"Podofilina";\N
"43085";"@brasil11845504334";"Podofilotoxina";\N
"43088";"@brasil18062409531";"Poliestirenossulfonato de Cálcio";\N
"43089";"@brasil14775534964";"Polimixina B";\N
"43090";"@brasil19690446534";"Polimixina B + Neomicina + Hidrocortisona";\N
"43092";"@brasil14125628091";"Posaconazol";\N
"43093";"@brasil11556801162";"Prilocaína + Felipressina";\N
"43094";"@brasil15407121846";"Propofol";\N
"43095";"@brasil12365206052";"Protamina";\N
"43096";"@brasil15604665031";"Proximetacaína";\N
"43097";"@brasil10927707310";"Ranibizumabe";\N
"43098";"@brasil17824541764";"Remifentanila";\N
"43099";"@brasil16339587200";"Retinol";\N
"43102";"@brasil18224311020";"Rituximabe";\N
"43103";"@brasil12102793809";"Rocurônio";\N
"43104";"@brasil15841036293";"Romiplostim";\N
"43105";"@brasil12896800349";"Ropivacaína";\N
"43107";"@brasil16960893175";"Salmeterol";\N
"43109";"@brasil16114065138";"Sevoflurano";\N
"43112";"@brasil19687646476";"Sirolimo";\N
"43113";"@brasil10096037275";"Somatostatina";\N
"43114";"@brasil11417247252";"Somatropina";\N
"43117";"@brasil16798124746";"Succinato Sódico de Metilprednisolona";\N
"43118";"@brasil19738882284";"Sufentanila";\N
"43119";"@brasil18300037492";"Sugamadex";\N
"43120";"@brasil12283540918";"Sulbutiamina";\N
"43122";"@brasil16517592421";"Sulfadiazina de Prata";\N
"43123";"@brasil15737339662";"Sulfadiazina de Prata + Nitrato de Cério";\N
"43124";"@brasil19133921356";"Sulfato de Magnésio";\N
"43125";"@brasil18457588103";"Suxametônio";\N
"43126";"@brasil14886176756";"Tafluprosta";\N
"43127";"@brasil19058119782";"Teicoplanina";\N
"43128";"@brasil10632068952";"Tenecteplase";\N
"43129";"@brasil15985985718";"Tensirolimo";\N
"43130";"@brasil18033722048";"Terbutalina";\N
"43131";"@brasil12210653397";"Terconazol";\N
"43132";"@brasil16952101145";"Teriparatida";\N
"43134";"@brasil18128545848";"Ticarcilina + Ácido Clavulânico";\N
"43135";"@brasil19786426115";"Tigeciclina";\N
"43136";"@brasil14546493341";"Timolol";\N
"43138";"@brasil13373188666";"Tioconazol";\N
"43140";"@brasil13226463619";"Tiopental";\N
"43141";"@brasil16012752404";"Tobramicina";\N
"43142";"@brasil10384371475";"Tobramicina + Dexametasona";\N
"43143";"@brasil13883600470";"Tocilizumabe";\N
"43144";"@brasil18264888232";"Topotecana";\N
"43145";"@brasil19673640064";"Toxina Botulínica do Tipo A";\N
"43146";"@brasil13573535934";"Trastuzumabe";\N
"43147";"@brasil18846759783";"Travoprosta";\N
"43148";"@brasil13513191428";"Travoprosta + Timolol";\N
"43149";"@brasil11025678096";"Triancinolona Acetonida";\N
"43150";"@brasil14588816504";"Triclosana";\N
"43151";"@brasil19867048540";"Triptorrelina";\N
"43152";"@brasil15568793503";"Tropicamida";\N
"43153";"@brasil18242822202";"Undecanoato de Testosterona";\N
"43154";"@brasil14507730810";"Ureia";\N
"43156";"@brasil17810187755";"Ustequinumabe";\N
"43157";"@brasil15527746653";"Vancomicina";\N
"43158";"@brasil14208170308";"Vasopressina";\N
"43159";"@brasil14457611891";"Vimblastina";\N
"43161";"@brasil19663548839";"Vincristina";\N
"43164";"@brasil14944908836";"Zanamivir";\N
"43165";"@brasil15733897969";"Desmopressina";\N
"43166";"@brasil13834763646";"Não aplicável";\N
"43169";"@brasil11972124633";"Fludroxicortida + Neomicina";\N
"43170";"@brasil18356332533";"Fotemustina";\N
"43171";"@brasil15865289079";"Glicosamina + Condroitina";\N
"43172";"@brasil14257448103";"Hedera helix";\N
"43173";"@brasil13691373590";"Heparina Sódica + Nicotinato de Benzila";\N
"43174";"@brasil15684523949";"Hialuronidase + Lidocaína + Neomicina";\N
"43175";"@brasil17348499284";"Fluocinolona Acetonida + Hidroquinona + Tretinoína";\N
"43176";"@brasil19688924884";"Hidróxido de Alumínio + Hidróxido de Magnésio + Metilcelulose";\N
"43177";"@brasil16399126876";"Hidroxiquinolina + Trolamina";\N
"43178";"@brasil12928860039";"Hipromelose + Cetrimida";\N
"43179";"@brasil15446919876";"Hipromelose + Dextrana + Glicerol";\N
"43180";"@brasil18448019573";"Ibuprofeno + Arginina";\N
"43181";"@brasil15899338549";"Lanatosídeo C";\N
"43182";"@brasil14152634332";"Lansoprazol + Claritromicina + Amoxicilina";\N
"43183";"@brasil13065156323";"Latanoprosta + Benzalcônio";\N
"43184";"@brasil12867878928";"Levobupivacaína + Epinefrina";\N
"43185";"@brasil15143925979";"Lidocaína + Benzalcônio";\N
"43186";"@brasil17115993420";"Metenamina + Cloreto de Metiltionínio";\N
"43187";"@brasil10148189476";"Metronidazol + Nistatina + Benzalcônio";\N
"43188";"@brasil19392967426";"Mikania glomerata";\N
"43189";"@brasil16520269014";"Moxifloxacino + Dexametasona";\N
"43190";"@brasil14422443101";"Nafazolina + Benzalcônio";\N
"43191";"@brasil12551408774";"Nafazolina + Dexametasona + Neomicina";\N
"43192";"@brasil19489714873";"Nafazolina + Mepiramina + Pantenol";\N
"43193";"@brasil19794348355";"Nafazolina + Zinco + Berberina";\N
"43194";"@brasil10502597465";"Neomicina + Bacitracina";\N
"43195";"@brasil13129942567";"Nimotuzumabe";\N
"43196";"@brasil14141920751";"Nistatina + Óxido de Zinco";\N
"43197";"@brasil11319776363";"Nitrofural";\N
"43199";"@brasil16906270575";"Pelargonium sidoides";\N
"43200";"@brasil12011993574";"Pidolato de Magnésio";\N
"43201";"@brasil19341156452";"Pimetixeno";\N
"43202";"@brasil10669801849";"Piperidolato + Hesperidina + Ácido Ascórbico";\N
"43203";"@brasil15325540195";"Policresuleno";\N
"43204";"@brasil14618295741";"Policresuleno + Cinchocaína";\N
"43205";"@brasil17114858427";"Polissulfato de Mucopolissacarídeo";\N
"43206";"@brasil11719405223";"Retinol + Piridoxina + Racealfatocoferol";\N
"43207";"@brasil17252451139";"Rifamicina SV Sódica";\N
"43208";"@brasil11104040341";"Rosmarinus officinalis (Alecrim)";\N
"43209";"@brasil13762848593";"Schinus terebenthifolius";\N
"43210";"@brasil15502122253";"Silimarina + Metionina";\N
"43211";"@brasil16222065793";"Simeticona + Homatropina";\N
"43212";"@brasil14603962519";"Stryphnodendron barbatiman";\N
"43213";"@brasil14353615523";"Subgalato de Bismuto + Óxido de Zinco";\N
"43214";"@brasil17956190366";"Sulfacetamida + Trietanolamina";\N
"43215";"@brasil16720105572";"Tianeptina";\N
"43216";"@brasil19731957072";"Tinidazol + Miconazol";\N
"43217";"@brasil18499468952";"Tioconazol + Tinidazol";\N
"43218";"@brasil13301473857";"Ureia + Ácido Salicílico";\N
"43219";"@brasil11008962737";"Viminol";\N
"43220";"@brasil15140392420";"Vitelinato de Prata";\N
"43221";"@brasil12675074200";"Xilazina";\N
"43224";"@brasil17954194048";"Escopolamina + Dipirona";\N
"43225";"@brasil11745747952";"Escopolamina + Paracetamol";\N
"51023";"@brasil14866157922";"Fenitoína Sódica";\N
"65356";"@brasil19093546063";"Acebrofilina";\N
"65357";"@brasil10869256863";"Ácido Cítrico + Citrato de Sódio + Citrato de Potássio";\N
"65358";"@brasil17065646429";"Adalimumabe";\N
"65359";"@brasil12720461870";"Albumina Humana";\N
"65360";"@brasil12405370372";"Tetraciclina + Anfotericina B";\N
"65361";"@brasil13865466557";"Bisacodil";\N
"65362";"@brasil12111221981";"Bupivacaína + Glicose";\N
"65363";"@brasil18959710539";"Cafeína";\N
"65364";"@brasil18464887064";"Certolizumabe Pegol";\N
"65365";"@brasil15445304013";"Ciproeptadina + Cobamamida";\N
"65366";"@brasil11831859183";"Clobutinol + Doxilamina";\N
"65367";"@brasil12823384182";"Clobutinol";\N
"65368";"@brasil18621343669";"Coaltar";\N
"65369";"@brasil14636566110";"Cordia verbenacea";\N
"65370";"@brasil17318799854";"Dimenidrinato + Piridoxina + Glicose + Frutose";\N
"65371";"@brasil12684301250";"Fludarabina";\N
"65374";"@brasil11465106997";"Hialuronidase";\N
"65375";"@brasil19272631543";"Idursulfase";\N
"65376";"@brasil11967837038";"Iobitridol";\N
"65377";"@brasil12021290865";"Liraglutida";\N
"65378";"@brasil14202943521";"Maytenus ilicifolia";\N
"65379";"@brasil14950845319";"Polietilenoglicol + Propilenoglicol";\N
"65380";"@brasil12145396341";"Polimixina B + Neomicina + Fluocinolona + Lidocaína";\N
"65381";"@brasil15874446056";"Prednisona";\N
"65382";"@brasil12936041570";"Prometazina + Sulfoguaiacol de Potássio";\N
"65383";"@brasil17056869990";"Retinol + Colecalciferol + Racealfatocoferol";\N
"65384";"@brasil16476225550";"Retinol + Colecalciferol";\N
"65385";"@brasil11210518088";"Saccharomyces cerevisiae";\N
"65386";"@brasil16623914097";"Sorbitol + Laurilsulfato de Sódio";\N
"68176";"@brasil19488016532";"Gangliosídeo GM1";\N
"68177";"@brasil17568340679";"Betametasona + Hialuronidase";\N
"288646";"@brasil19377654108";"Abacavir + Lamivudina";"lamivudina,abacavir"
"288647";"@brasil14183248814";"Abciximabe";"abciximabe"
"288648";"@brasil12783282055";"Acetilmetionina";\N
"288649";"@brasil11366664143";"Colina + Betaína + Acetilmetionina";\N
"288651";"@brasil18317382164";"Ácido Acetilsalicílico + Ácido Ascórbico";\N
"288652";"@brasil16136486562";"Ácido Acetilsalicílico + Cafeína";\N
"288653";"@brasil15730286626";"Ácido Acetilsalicílico + Carbonato de Magnésio + Glicinato de Alumínio";\N
"288654";"@brasil10241973753";"Clopidogrel + Ácido Acetilsalicílico";\N
"288655";"@brasil14019009193";"Clorfeniramina + Ácido Acetilsalicílico + Cafeína";\N
"288656";"@brasil19369125019";"Ácido Acetilsalicílico + Dexcloferniramina + Fenilefrina + Cafeína";\N
"288657";"@brasil14788597825";"Ácido Acetilsalicílico + Paracetamol + Cafeína";\N
"288658";"@brasil15835614375";"Ácido Épsilon Aminocaproico + Benzoato de Sódio + Guaifenesina + Cloreto de Amônio";\N
"288659";"@brasil14812278713";"Arginina + Ácido Ascórbico";\N
"288660";"@brasil16554550747";"Ácido Ascórbico + Carbonato de Cálcio";\N
"288661";"@brasil18335917905";"Ácido Ascórbico + Carbonato de Cálcio + Colecalciferol + Piridoxina";\N
"288662";"@brasil12015937595";"Ácido Ascórbico + Glicose";\N
"288663";"@brasil15071934567";"Ácido Azeláico";\N
"288664";"@brasil19311860359";"Benzalcônio + Ácido Bórico";\N
"288665";"@brasil11343498407";"Bicarbonato de Sódio + Carbonato de Sódio + Ácido Acetilsalicílico + Ácido Cítrico";\N
"288666";"@brasil18781911262";"Ácido Fólico + Ácido Ascórbico";\N
"288667";"@brasil19879061400";"Ácido Fólico + Bisglicinato Ferroso";\N
"288668";"@brasil13049573527";"Ácido Fólico + Dextroalfatocoferol";\N
"288669";"@brasil15610683740";"Ferro Quelato + Ácido Fólico";\N
"288670";"@brasil18904698432";"Ácido Fusídico + Hidrocortisona";\N
"288671";"@brasil17691441248";"Ácido Gamaminobutírico";\N
"288672";"@brasil11743111256";"Ácido Hialurônico";\N
"288673";"@brasil15641232844";"Ácido Salicílico + Coaltar";\N
"288674";"@brasil12976830761";"Ácido Salicílico + Enxofre";\N
"288675";"@brasil17960455581";"Ácido Undecilênico + Undecilenato de Zinco + Propionato de Zinco + Hexilresorcina";\N
"288676";"@brasil10871785934";"Adapaleno + Clindamicina";\N
"288677";"@brasil10477563235";"Adapaleno + Peróxido de Benzoíla";\N
"288678";"@brasil19772458679";"Adenosina + Racemetionina + Betaína + Piridoxina";\N
"288679";"@brasil17429604004";"Afatinibe";\N
"288680";"@brasil17830644292";"Aflibercepte";\N
"288681";"@brasil16864409758";"Água do Mar";\N
"288682";"@brasil10830116225";"Água para Injetáveis";\N
"288683";"@brasil13557352155";"Alanilglutamina";\N
"288684";"@brasil15296412411";"Alantoína";\N
"288685";"@brasil15810005901";"Alcaftadina";\N
"288686";"@brasil13160792581";"Álcool Polivinílico";\N
"288687";"@brasil18373945510";"Fenilefrina + Álcool Polivinílico";\N
"288688";"@brasil12387350118";"Aldesleucina";\N
"288689";"@brasil16814914369";"Alfa-Agalsidase";\N
"288690";"@brasil16912521799";"Alfa-Aglicosidase";\N
"288691";"@brasil14117866198";"Alfacorifolitropina";\N
"288692";"@brasil19851765900";"Alfadarbepoetina";\N
"288693";"@brasil16905231219";"Alfadrotrecogina";\N
"288694";"@brasil14970858705";"Alfaeftrenonacogue";\N
"288695";"@brasil14138600176";"Alfaeptacogue Ativado";\N
"288696";"@brasil15780425075";"Alfaestradiol";\N
"288697";"@brasil16486325156";"Alfamoroctocogue";\N
"288698";"@brasil15090350865";"Alfanonacogue";\N
"288699";"@brasil15992779167";"Alfaporactanto";\N
"288700";"@brasil14692843549";"Alginato de Sódio + Bicarbonato de Potássio";\N
"288701";"@brasil15485880555";"Alginato de Sódio + Bicarbonato de Potássio + Carbonato de Cálcio";\N
"288702";"@brasil13350872436";"Alizaprida";\N
"288703";"@brasil10296720824";"Alogliptina + Metformina";\N
"288704";"@brasil11430987119";"Alogliptina + Pioglitazona";\N
"288705";"@brasil16264773434";"Amidotrizoato de Sódio + Amidotrizoato de Meglumina";\N
"288706";"@brasil17030906123";"Amifostina";\N
"288707";"@brasil16360210622";"Amiltrina";\N
"288708";"@brasil10708335050";"Aminolevulinato";\N
"288709";"@brasil14461043693";"Argipressina";\N
"288710";"@brasil10180213627";"Articaína + Epinefrina";\N
"288711";"@brasil17517937361";"Atomoxetina";\N
"288712";"@brasil17049046238";"Atosibana";\N
"288713";"@brasil12691419414";"Axetilcefuroxima";\N
"288714";"@brasil12309958665";"Axitinibe";\N
"288715";"@brasil13475535392";"Azelastina + Fluticasona";\N
"288716";"@brasil10447801276";"Azilsartana Medoxomila + Clortalidona";\N
"288717";"@brasil11812400511";"Bacillus cereus";\N
"288718";"@brasil17718599034";"Beclometasona + Formoterol";\N
"288719";"@brasil13155793949";"Belatacepte";\N
"288720";"@brasil12623172953";"Bemiparina Sódica";\N
"288721";"@brasil13648483224";"Benzilpenicilina Procaína";\N
"288722";"@brasil10372897572";"Benzocaína";\N
"288723";"@brasil10919038494";"Benzocaína + Bicarbonato de Sódio + Cloreto de Potássio";\N
"288724";"@brasil13476500066";"Benzocaína + Tirotricina";\N
"288725";"@brasil14625385155";"Benzoilmetronidazol + Nistatina + Benzalcônio";\N
"288726";"@brasil12697425886";"Besifloxacino";\N
"288727";"@brasil19610974274";"Betaepoetina Metoxipolietilenoglicol";\N
"288728";"@brasil19962594022";"Betametasona + Gentamicina + Tolnaftato + Clioquinol";\N
"288729";"@brasil10980047602";"Betametasona + Neomicina";\N
"288730";"@brasil15012456247";"Bicarbonato de Sódio + Carbonato de Sódio + Ácido Cítrico";\N
"288731";"@brasil12122138739";"Bicarbonato de Sódio + Carbonato de Cálcio + Carbonato de Magnésio + Carbonato de Bismuto";\N
"288732";"@brasil15573325263";"Bifonazol";\N
"288733";"@brasil11500210408";"Biotina";\N
"288734";"@brasil10781076559";"Bisglicinato Ferroso";\N
"288735";"@brasil19404751879";"Brometo de Glicopirrônio";\N
"288736";"@brasil14680530031";"Bicarbonato de Sódio + Carbonato de Sódio";\N
"288737";"@brasil15188394825";"Buflomedil";\N
"288738";"@brasil11900384342";"Brometo de Umeclidíno + Vilanterol";\N
"288739";"@brasil13936737545";"Buprenorfina";\N
"288740";"@brasil13982535006";"Bussulfano";\N
"288741";"@brasil18102462707";"Butenafina";\N
"288742";"@brasil18564708825";"Cambendazol";\N
"288743";"@brasil18516156316";"Bupivacaína + Epinefrina";\N
"288744";"@brasil16886655413";"Capsaicina";\N
"288745";"@brasil18884808427";"Difenidramina + Calamina + Cânfora";\N
"288746";"@brasil13764076207";"Carbonato de Sevelâmer";\N
"288747";"@brasil12165956060";"Carboximaltose Férrica";\N
"288748";"@brasil19537551987";"Carmelose Sódica";\N
"288749";"@brasil11189892068";"Carbonato de Cálcio + Lactogliconato de Cálcio + Ácido Ascórbico";\N
"288750";"@brasil17336804685";"Carmustina";\N
"288751";"@brasil13114347533";"Ceftarolina Fosamila";\N
"288752";"@brasil13561323920";"Ceftriaxona";\N
"288753";"@brasil18463577308";"Cetilpiridínio";\N
"288754";"@brasil11633915091";"Carmelose Sódica + Glicerol + Polissorbato";\N
"288755";"@brasil12778843838";"Cetoconazol + Betametasona";\N
"288756";"@brasil18992474225";"Cetoprofeno + Omeprazol";\N
"288757";"@brasil16625839923";"Cianocobalamina + Piridoxina + Tiamina + Lidocaína";\N
"288758";"@brasil16151777249";"Dexametasona + Cianocobalamina + Piridoxina + Tiamina";\N
"288759";"@brasil10881366785";"Cianocobalamina + Tiamina + Piridoxina + Diclofenaco Sódico";\N
"288760";"@brasil15951502485";"Cipionato de Testosterona";\N
"288761";"@brasil17113412381";"Cilazapril + Hidroclorotiazida";\N
"288762";"@brasil17712554760";"Clemastina";\N
"288763";"@brasil17222536965";"Citrato Férrico Amoniacal + Cianocobalamina";\N
"288764";"@brasil12975020857";"Cloperastina";\N
"288765";"@brasil13207493696";"Clioquinol + Hidrocortisona";\N
"288766";"@brasil17112406217";"Cloreto de Potássio + Cloreto de Sódio + Citrato de Sódio + Glicose";\N
"288767";"@brasil15939550310";"Cloreto de Potássio + Cloreto de Sódio + Glicose";\N
"288768";"@brasil18360533208";"Cloreto de Sódio + Cloreto de Potássio + Cloreto de Cálcio";\N
"288769";"@brasil13984015418";"Cloreto de Sódio + Cloreto de Potássio + Cloreto de Cálcio + Lactato de Sódio";\N
"288770";"@brasil14838477776";"Clorfeniramina + Ácido Ascórbico + Dipirona";\N
"288771";"@brasil12240342936";"Coleselevam";\N
"288772";"@brasil16686281659";"Clormadinona + Etinilestradiol";\N
"288773";"@brasil16710379798";"Colina + Betaína + Metionina";\N
"288774";"@brasil13493054324";"Colina + Betaína + Racemetionina";\N
"288775";"@brasil17334132534";"Corynebacterium parvulan";\N
"288776";"@brasil16191500010";"Dabrafenibe";\N
"288777";"@brasil18955102755";"Colina + Metionina";\N
"288778";"@brasil16201014057";"Dapoxetina";\N
"288779";"@brasil14139762327";"Daunorrubicina";\N
"288780";"@brasil12095769774";"Degarrelix";\N
"288781";"@brasil18059562198";"Desflurano";\N
"288782";"@brasil14010501981";"Dapagliflozina + Metformina";\N
"288783";"@brasil15873823616";"Desoximetasona";\N
"288784";"@brasil17337612449";"Desloratadina + Pseudoefedrina";\N
"288785";"@brasil19066591707";"Desoxirribonuclease + Fibrinolisina + Cloranfenicol";\N
"288786";"@brasil13320121496";"Dexametasona + Cianocobalamina + Tiamina + Piridoxina";\N
"288787";"@brasil19400832669";"Dexametasona + Neomicina + Fenilefrina";\N
"288788";"@brasil17043799166";"Dexbronfeniramina + Pseudoefedrina";\N
"288789";"@brasil17016498134";"Dexlansoprazol";\N
"288790";"@brasil13951093482";"Dextroalfatocoferol";\N
"288791";"@brasil18705973314";"Dextrometorfano";\N
"288792";"@brasil11676586438";"Dextropropoxifeno";\N
"288793";"@brasil12265012553";"Diatrizoato de Meglumina";\N
"288794";"@brasil16295303762";"Dicicloverina";\N
"288795";"@brasil14681481461";"Diclofenaco Resinato";\N
"288796";"@brasil14521496326";"Dexclorfeniramina + Pseudoefedrina + Guaifenesina";\N
"288798";"@brasil19250699120";"Difenidramina + Cloreto de Amônio";\N
"288799";"@brasil10564383239";"Difenidramina + Cloreto de Amônio + Citrato de Sódio";\N
"288800";"@brasil15069819142";"Diflucortolona";\N
"288801";"@brasil13655946303";"Difenidramina + Nafazolina";\N
"288802";"@brasil13070274397";"Diflucortolona + Clorquinaldol";\N
"288803";"@brasil14383533385";"Dimercaprol";\N
"288804";"@brasil12706844044";"Dinoprostona";\N
"288805";"@brasil10383620373";"Di-hidroergotamina + Paracetamol + Cafeína + Metoclopramida";\N
"288806";"@brasil13797570040";"Dobesilato de Cálcio";\N
"288807";"@brasil17836989393";"Dolasetrona";\N
"288808";"@brasil17792237155";"Dolutegravir";\N
"288809";"@brasil15450217904";"Dipirona + Cafeína";\N
"288810";"@brasil13874378364";"Dulaglutida";\N
"288811";"@brasil13021238419";"Donepezila + Memantina";\N
"288812";"@brasil13483057312";"Emboato de Pirvínio";\N
"288813";"@brasil18351571612";"Enflurano";\N
"288814";"@brasil11308686435";"Duloxetina + Tansulosina";\N
"288815";"@brasil11488717645";"Eribulina";\N
"288816";"@brasil13517529230";"Entricitabina + Tenofovir";\N
"288817";"@brasil13121493525";"Escina + Salicilato de Dietilamina";\N
"288818";"@brasil15054880244";"Espiramicina + Metronidazol";\N
"288819";"@brasil15909920953";"Estradiol + Didrogesterona";\N
"288820";"@brasil14384964343";"Estreptoquinase";\N
"288821";"@brasil14195059167";"Estradiol + Trimegestona";\N
"288822";"@brasil17820403115";"Etonogestrel + Etinilestradiol";\N
"288823";"@brasil16516838385";"Evolocumabe";\N
"288824";"@brasil19122982888";"Fator de von Willebrand";\N
"288825";"@brasil16064399596";"Eucaliptol + Terpina + Mentol";\N
"288826";"@brasil12953049625";"Fator VIII + Fator de von Willebrand";\N
"288827";"@brasil16572049646";"Fenoprofeno";\N
"288828";"@brasil14001099665";"Fenoxazolina";\N
"288829";"@brasil10289349694";"Fenticonazol";\N
"288830";"@brasil19443449785";"Fentolamina";\N
"288831";"@brasil16349200154";"Felodipino + Metoprolol";\N
"288832";"@brasil13415651723";"Ferrocarbonila";\N
"288833";"@brasil18030658463";"Fibrinogênio";\N
"288834";"@brasil19906337454";"Fludroxicortida";\N
"288835";"@brasil15439712194";"Ferro Quelato + Piridoxina + Nicotinamida";\N
"288836";"@brasil17479548915";"Fludroxicortida + Clioquinol";\N
"288837";"@brasil11078608306";"Fluocinolona Acetonida + Neomicina + Polimixina B + Lidocaína";\N
"288838";"@brasil12954395088";"Flurbiprofeno";\N
"288839";"@brasil11536150835";"Flutrimazol";\N
"288840";"@brasil18817569219";"Folinato de Cálcio";\N
"288841";"@brasil19479393900";"Fondaparinux Sódico";\N
"288842";"@brasil10944262156";"Fosaprepitanto Dimeglumina";\N
"288843";"@brasil16283129383";"Fluocortolona + Lidocaína";\N
"288844";"@brasil18582860759";"Fosfato de Potássio";\N
"288845";"@brasil14064915955";"Fosfato de Cálcio + Fluoreto de Sódio";\N
"288846";"@brasil14575997808";"Frutose";\N
"288847";"@brasil10685241482";"Fumarato de Dimetila";\N
"288848";"@brasil19698214295";"Fusafungina";\N
"288849";"@brasil16435347343";"Galsulfase";\N
"288850";"@brasil13082094138";"Fosfato de Sódio Monobásico + Fosfato de Sódio Dibásico";\N
"288851";"@brasil16104428967";"Gatifloxacino + Prednisolona";\N
"288852";"@brasil11275862734";"Gelatina + Cloreto de Sódio + Cloreto de Potássio + Cloreto de Cálcio";\N
"288853";"@brasil18066027077";"Gestrinona";\N
"288854";"@brasil16502547492";"Glicerina";\N
"288855";"@brasil18314656537";"Glicina";\N
"288856";"@brasil12065640521";"Glucana";\N
"288857";"@brasil15384233299";"Gonadotropina Coriônica";\N
"288858";"@brasil10724245244";"Granisetrona";\N
"288859";"@brasil17468526629";"Guaifenesina";\N
"288860";"@brasil15169897725";"Gentamicina + Desonida";\N
"288861";"@brasil13443909047";"Halobetasol";\N
"288862";"@brasil11709852368";"Halotano";\N
"288863";"@brasil18217535006";"Hetamido";\N
"288864";"@brasil15958118237";"Hexafluoreto de Enxofre";\N
"288865";"@brasil15137986478";"Dextrometorfano + Guaifenesina";\N
"288866";"@brasil17815577989";"Hexamidina + Tetracaína";\N
"288867";"@brasil13663930820";"Hidrocortisona + Clioquinol";\N
"288868";"@brasil14872920441";"Hidrosmina";\N
"288869";"@brasil13372810056";"Hidroquinona + Ácido Glicólico";\N
"288870";"@brasil12245289265";"Hidróxido de Alumínio + Carbonato de Cálcio";\N
"288871";"@brasil11108016464";"Hidróxido Férrico";\N
"288872";"@brasil18804214835";"Homatropina";\N
"288873";"@brasil10697025097";"Ibrutinibe";\N
"288874";"@brasil17072481285";"Idarrubicina";\N
"288875";"@brasil13271331444";"Idoxuridina";\N
"288876";"@brasil15139213673";"Imunoglobulina anti-Rho (D)";\N
"288877";"@brasil15882074343";"Imunoglobulina antitetânica";\N
"288878";"@brasil13992731005";"Imunoglobulina antitimócito";\N
"288879";"@brasil12317432305";"Imunoglobulina G";\N
"288880";"@brasil19608968819";"Imunoglobulina humana";\N
"288881";"@brasil11092547494";"Imunoglobulina humana anti-hepatite B";\N
"288882";"@brasil16635831319";"Hidróxido de Alumínio + Hidróxido de Magnésio + Carbonato de Cálcio";\N
"288883";"@brasil19901514423";"Ingenol";\N
"288884";"@brasil19600078470";"Inibidor de C1 esterase derivado de plasma humano";\N
"288885";"@brasil18295849390";"Insulina Humana";\N
"288886";"@brasil12679011850";"Indacaterol + Glicopirrônio";\N
"288887";"@brasil18507511388";"Iodopovidona";\N
"288888";"@brasil14500521703";"ioimbina";\N
"288889";"@brasil16980074658";"Iotalamato de Meglumina";\N
"288890";"@brasil11398808490";"Ipilimumabe";\N
"288891";"@brasil16053818784";"Isofluorano";\N
"288892";"@brasil16072668763";"Isotipendil";\N
"288893";"@brasil12201887770";"Iodo + Óleo Vegetal + Ácido Salicílico";\N
"288894";"@brasil12791432870";"Isotretinoína + Eritromicina";\N
"288895";"@brasil17351501347";"levamisol";\N
"288896";"@brasil18383208435";"Levocloperastina";\N
"288897";"@brasil19861538445";"Lactato de Amônia + Alantoína";\N
"288898";"@brasil14158067230";"Levomentol + Cânfora";\N
"288899";"@brasil11205721125";"Levomentol + Cânfora + Eucalipto";\N
"288900";"@brasil13554404240";"Lidocaína + Acetato de Hidrocortisona + Óxido de Zinco + Subacetato de Alumínio";\N
"288901";"@brasil14154858135";"Lidocaína + Epinefrina";\N
"288902";"@brasil10111078265";"Lidocaína + Norepinefrina";\N
"288903";"@brasil18090817226";"Limeciclina";\N
"288904";"@brasil10120851648";"Lidocaína + Tetracaína";\N
"288905";"@brasil16331806866";"Linestrenol";\N
"288906";"@brasil11296479702";"Lipegfilgrastim";\N
"288907";"@brasil17486978215";"Lisina";\N
"288908";"@brasil13545452283";"Lixisenatida";\N
"288909";"@brasil15266327079";"Lomustina";\N
"288910";"@brasil15695278853";"Loxoprofeno";\N
"288911";"@brasil12677413338";"Linagliptina + Metformina";\N
"288912";"@brasil16301230438";"Mentol + Cânfora + Óleo de Eucalipto";\N
"288913";"@brasil13473912488";"Mepiramina + Hidróxido de Alumínio + Ácido Acetilsalicílico + Cafeína";\N
"288915";"@brasil11907620020";"Mesterolona";\N
"288916";"@brasil14140486104";"Metipranolol";\N
"288917";"@brasil14979570771";"Mepivacaína + Norepinefrina";\N
"288918";"@brasil12476395853";"Micafungina";\N
"288919";"@brasil17443267261";"Mirabegrona";\N
"288920";"@brasil19787149054";"Moclobemida";\N
"288921";"@brasil16605943799";"Metronidazol + Miconazol";\N
"288922";"@brasil13668272143";"Monossialogangliosídeo";\N
"288923";"@brasil18523529625";"Mometasona + Ácido Fusídico";\N
"288924";"@brasil11612832006";"Mucopolissacaridase";\N
"288925";"@brasil12493571463";"Nafarrelina";\N
"288926";"@brasil17629361605";"Montelucaste + Levocetirizina";\N
"288927";"@brasil10666093946";"Nafazolina + Zinco";\N
"288928";"@brasil10442385225";"Nesiritida";\N
"288929";"@brasil10213644596";"Nivolumabe";\N
"288930";"@brasil19741067614";"Nateglinida + Metformina";\N
"288931";"@brasil18064404592";"Nonoxinol";\N
"288932";"@brasil11098820427";"Nomegestrol + Estradiol";\N
"288933";"@brasil11300888666";"Obinutuzumabe";\N
"288934";"@brasil13207982361";"Ocriplasmina";\N
"288935";"@brasil12137246114";"Ofatumumabe";\N
"288936";"@brasil11062283795";"Óleo de Soja";\N
"288937";"@brasil18899680941";"Olodaterol";\N
"288938";"@brasil11311553632";"Norelgestromina + Etinilestradiol";\N
"288939";"@brasil19858725646";"Oxibuprocaína";\N
"288940";"@brasil15358967644";"Ombitasvir + Veruprevir + Ritonavir + Dasabuvir";\N
"288941";"@brasil17218661592";"Oxitetraciclina + Hidrocortisona";\N
"288942";"@brasil10016405339";"Oxomemazina + Guaifenesina + Benzoato de Sódio + Paracetamol";\N
"288943";"@brasil18426042223";"Papaverina";\N
"288944";"@brasil12080995413";"Oxomemazina + Guaifenesina + Paracetamol";\N
"288945";"@brasil15126850701";"Papaverina + Dipirona + Atropa belladona";\N
"288946";"@brasil19391267576";"Paracetamol + Cafeína";\N
"288947";"@brasil11575786089";"Paracetamol + Carbinoxamina";\N
"288948";"@brasil19705128024";"Paracetamol + Fenilefrina + Carbinoxamina";\N
"288949";"@brasil13798282167";"Paracetamol + Pentoxiverina + Fenilefrina + Carbinoxamina";\N
"288950";"@brasil19876027067";"Paracetamol + Pseudoefedrina";\N
"288951";"@brasil17985289149";"Pegfilgrastim";\N
"288952";"@brasil10298364850";"Penciclovir";\N
"288953";"@brasil17535957112";"Perampanel";\N
"288954";"@brasil16784691321";"Perindopril Arginina";\N
"288955";"@brasil11315585579";"Parafina + Psyllium plantago";\N
"288956";"@brasil16223854240";"Peróxido de Benzoíla + Enxofre";\N
"288957";"@brasil17172514773";"Picossulfato de Sódio + Óleo Mineral + Ágar-Ágar";\N
"288958";"@brasil17191011454";"Piretanida";\N
"288959";"@brasil14437513260";"Pirfenidona";\N
"288960";"@brasil10614532250";"Piroxicam betaciclodextrina";\N
"288961";"@brasil19760121775";"Picossulfato de Sódio + Óxido de Magnésio + Ácido Cítrico";\N
"288962";"@brasil16957012438";"Polimixina B + Lidocaína";\N
"288963";"@brasil15504697173";"Polimixina B + Neomicina + Bacitracina + Óxido de Zinco";\N
"288964";"@brasil16652448861";"Polimixina B + Neomicina + Fludrocortisona + Lidocaína";\N
"288965";"@brasil16748153096";"Oxitetraciclina + Polimixina B";\N
"288966";"@brasil13783419208";"Polimixina B + Prednisolona + Benzocaína + Clioquinol";\N
"288967";"@brasil18672637060";"Prednicarbato";\N
"288968";"@brasil12012927989";"Polimixina B + Prednisolona + Neomicina";\N
"288969";"@brasil14046729069";"Propifenazona + Paracetamol + Cafeína";\N
"288970";"@brasil14194861690";"Propionato de Testosterona + Fempropionato de Testosterona + Isocaproato de Testosterona + Decanoato de Testosterona";\N
"288971";"@brasil18834121550";"Pseudoefedrina + Triprolidina + Sulfaguaiacolato de Potássio";\N
"288972";"@brasil11586022992";"Racealfatocoferol";\N
"288973";"@brasil11427750615";"Quelato de Ferro + Ácido Fólico + Cianocobalamina";\N
"288974";"@brasil12380684410";"Ramucirumabe";\N
"288975";"@brasil17620170512";"Ranolazina";\N
"288976";"@brasil10958799645";"Rasagilina";\N
"288977";"@brasil11933486993";"Rasburicase";\N
"288978";"@brasil16791036338";"Reboxetina";\N
"288979";"@brasil18154721023";"Regorafenibe";\N
"288980";"@brasil10400496413";"Retapamulina";\N
"288981";"@brasil17538319300";"Racemetionina + Cloreto de Colina + Inositol + Cianobobalamina";\N
"288982";"@brasil16490107574";"Retinol + Ácido Ascórbico + Dextroalfatocoferol";\N
"288983";"@brasil19835580277";"Retinol + Colecalciferol + Óxido de Zinco";\N
"288984";"@brasil19707578977";"Retinol + Colecalciferol + Óxido de Zinco + Óldeo de Fígado de Bacalhau";\N
"288985";"@brasil19031154361";"Retinol + Piridoxina + Colecalciferol";\N
"288986";"@brasil16033035185";"Riociguate";\N
"288987";"@brasil13071713151";"Rotigotina";\N
"288988";"@brasil17259460506";"Rutosídeo";\N
"288989";"@brasil17082163389";"Ruxolitinibe";\N
"288990";"@brasil13632435735";"Retinol + Colecalciferol + Racealfatocoferol + Alantoína";\N
"288991";"@brasil16915688817";"Salbutamol + Guaifenesina";\N
"288992";"@brasil13681137191";"Salicilato de Metila + Cânfora + Mentol";\N
"288993";"@brasil17658619811";"Salicilato de Metila + Levomentol";\N
"288994";"@brasil17249687794";"Salicilato de Metila + Mentol";\N
"288995";"@brasil13272579844";"Secuquinumabe";\N
"288996";"@brasil14613836149";"Silodosina";\N
"288997";"@brasil13251441523";"Siltuximabe";\N
"288998";"@brasil12415699475";"Salicilato de Metila + Terebintina + Cânfora + Mentol";\N
"288999";"@brasil12324173116";"Sorbitol";\N
"289000";"@brasil14373767462";"Subcitrato de Bismuto Coloidal";\N
"289001";"@brasil14896318272";"Succinato Sódico de Hidrocortisona";\N
"289002";"@brasil11360289286";"Succinilgelatina";\N
"289003";"@brasil12112491923";"Solifenacina + Tansulosina";\N
"289004";"@brasil16481592063";"Sulfacetamida + Trolamina";\N
"289005";"@brasil16070484858";"Sulfato de Zinco";\N
"289006";"@brasil10907648410";"Sulfametoxazol + Trimetoprima + Fenazopiridina";\N
"289007";"@brasil16326787783";"Sulfato de Zinco + Sulfato Cúprico + Sulfato de Manganês + Cloreto Crômico";\N
"289008";"@brasil18910993995";"Sulfeto de Selênio";\N
"289009";"@brasil15574606940";"Sulfiram";\N
"289010";"@brasil11140053020";"Sultamicilina";\N
"289011";"@brasil18976444589";"Sulfato Ferroso + Ácido Fosfórico";\N
"289012";"@brasil11462064199";"Tapentadol";\N
"289013";"@brasil10380987533";"Teniposídeo";\N
"289014";"@brasil17518745377";"Sumatriptana + Naproxeno Sódico";\N
"289015";"@brasil16450764597";"Teofilina + Efedrina";\N
"289016";"@brasil19697587161";"Teriflunomida";\N
"289017";"@brasil19135642328";"Testosterona";\N
"289018";"@brasil16585450465";"Tetaepoetina";\N
"289019";"@brasil15520325651";"Timostimulina";\N
"289020";"@brasil17845277167";"Tioguanina";\N
"289021";"@brasil12665409195";"Tirofibana";\N
"289022";"@brasil19791214780";"Terbutalina + Guaifenesina";\N
"289024";"@brasil15425589106";"Tofacitinibe";\N
"289025";"@brasil14248405958";"Tirotricina + Hidroxiquinolina";\N
"289026";"@brasil14965262779";"Tretinoína + Clindamicina";\N
"289027";"@brasil12081096331";"Triancinolona Hexacetonida";\N
"289028";"@brasil15509693626";"Tribenosídeo";\N
"289029";"@brasil11305179447";"Triancinolona + Neomicina + Gramicidina + Nistatina";\N
"289030";"@brasil19996816662";"Tribenosídeo + Lidocaína";\N
"289031";"@brasil16068545285";"Udenafila";\N
"289032";"@brasil10352276749";"Urofolitropina";\N
"289033";"@brasil13555748194";"Triprolidina + Pseudoefedrina";\N
"289034";"@brasil16721911034";"Vandetanibe";\N
"289035";"@brasil12942310899";"Vecurônio";\N
"289036";"@brasil14545821699";"Vedolizumabe";\N
"289037";"@brasil13902176108";"Verteporfina";\N
"289038";"@brasil15873415753";"Vinflunina";\N
"289039";"@brasil17660550750";"Xilometazolina";\N
"289040";"@brasil10682506802";"Zafirlucaste";\N
"289041";"@brasil10430882069";"Zolmitriptana";\N
"412560";"@brasil10106890247";"Alogliptina";\N
"412561";"@brasil19241805334";"Azilsartana Medoxomila";\N
"412562";"@brasil15888356244";"Dronedarona";\N
"412563";"@brasil11716365525";"Almitrina";\N
"412564";"@brasil10916759203";"Ácido épsilon-aminocaproico";\N
"412565";"@brasil19434699748";"Mefloquina";\N
"412566";"@brasil14423221445";"Vortioxetina";\N
"412567";"@brasil13812008288";"Ciclopirox Olamina";\N
"412568";"@brasil15790377412";"Enzalutamida";\N
"412569";"@brasil17515862505";"Piracetam + Cinarizina";\N
"412570";"@brasil10208180601";"Varfarina";\N
"412571";"@brasil18493315797";"Citrato de Colina + Raceometionina";\N
"503021";"@brasil11842037495";"Alfaelosulfase";\N
"503022";"@brasil13730240391";"Alfasimoctocogue";\N
"503026";"@brasil10687671983";"Alirocumabe";\N
"503028";"@brasil13153218107";"Benzocaína +  Borato de Sódio + Cetilpiridínio";\N
"503029";"@brasil10636350595";"Benzocaína + Dequalínio";\N
"503030";"@brasil13722098965";"Betametasona+ Clorfenesina + Tetracaína ";\N
"503031";"@brasil16701443348";"Betapeginterferona 1a";\N
"503035";"@brasil10092162656";"Brinzolamida + Brimonidina";\N
"503036";"@brasil17525028284";"Brometo de Umeclidíno";\N
"503037";"@brasil17348653763";"Busserelina";\N
"503038";"@brasil14168184271";"Calendula officinalis + Óxido de Zinco";\N
"503040";"@brasil11470249379";"Cambendazol + Mebendazol ";\N
"503042";"@brasil10966366072";"Carfilzomibe";\N
"503055";"@brasil10421082535";"Citrato Férrico Amoniacal";\N
"503058";"@brasil19206314764";"Cobimetinibe";\N
"503060";"@brasil16222688653";"Daratumumabe";\N
"503061";"@brasil16808463991";"Extrato de Allii cepae L.  + Alantoína + Heparina Sódica";\N
"503069";"@brasil18586256770";"Extratos Alergênicos de Insetos Sugadores";\N
"503071";"@brasil10817018830";"Fenol + Mentol";\N
"503072";"@brasil10139621160";"Fibrinogênio + Aprotinina + Trombina ";\N
"503075";"@brasil19340775997";"Formoterol + Fluticasona ";\N
"503081";"@brasil17185031804";"Frações Peptídicas Alergênicas";\N
"503086";"@brasil14023976812";"Gemifloxacino";\N
"503087";"@brasil16787865045";"Hidroxiapatita";\N
"503088";"@brasil11867395099";"Hidróxido de Alumínio + Hidróxido de Magnésio + Oxetacaína";\N
"503089";"@brasil18973380668";"Hidróxido de Alumínio + Hidróxido de Magnésio + Trissilicato de Magnésio";\N
"503090";"@brasil19264718356";"Hidroxietilamido";\N
"503092";"@brasil19223095669";"Hidroxietilamido + Cloreto de Sódio";\N
"503095";"@brasil15566391585";"Insulina Asparte bifásica ";\N
"503097";"@brasil14615287308";"Lanreotida";\N
"503099";"@brasil17592937374";"Lenvatinibe";\N
"503100";"@brasil19101407785";"Lisado bacteriano de Escherichia coli";\N
"503101";"@brasil12728227117";"Lisados bacterianos ";\N
"503105";"@brasil11943709813";"Lorcasserina";\N
"503106";"@brasil14252536727";"Loteprednol + Tobramicina";\N
"503107";"@brasil15431554507";"Magaldrato";\N
"503108";"@brasil14400162662";"Mepartricina + Tetraciclina";\N
"503110";"@brasil15330262811";"Nadroparina ";\N
"503111";"@brasil19532864072";"Nafazolina + Mepiramina + Dexpantenol ";\N
"503112";"@brasil11673532240";"Olaparibe";\N
"503113";"@brasil19769069289";"Óleo de Cade + Alcatrão de Pinho + Alcatrão Mineral ";\N
"503115";"@brasil19816542628";"Óleo de Fígado de Bacalhau + Retinol + Colecalciferol";\N
"503116";"@brasil17608463341";"Orfenadrina + Paracetamol + Cafeína";\N
"503117";"@brasil18592689127";"Osimertinibe";\N
"503119";"@brasil14912212540";"Óxido de Zinco + Cloreto de Benzalcônio + Cânfora";\N
"503120";"@brasil14146895243";"Pancreatina + Dimeticona";\N
"503122";"@brasil17548509096";"Pasireotida";\N
"503124";"@brasil16099618425";"Pembrolizumabe";\N
"503125";"@brasil11251005195";"Peróxido de Carbamida";\N
"503126";"@brasil17956171004";"Peróxido de Uréia ";\N
"503127";"@brasil16027839746";"Pirenoxina Sódica";\N
"503128";"@brasil16270686029";"Piridoxina + Raceometionina ";\N
"503129";"@brasil13269911214";"Polidocanol + Lidocaína + Tintura Camomila ";\N
"503131";"@brasil17877758132";"Polipeptídeo Dialisável de Extrato de Leucócito";\N
"503132";"@brasil16776296091";"Povidona";\N
"503133";"@brasil10248206368";"Subgalato de Bismuto + Timol + Óxido de Zinco";\N
"503134";"@brasil10912143876";"Tafamidis";\N
"503135";"@brasil13816100584";"Terlipressina";\N
"503136";"@brasil16344071602";"Tiabendazol + Neomicina";\N
"503137";"@brasil10272056571";"Tirotricina + Hidroxiquinolina + Fluoreto de Sódio ";\N
"503138";"@brasil12328068354";"Tirotricina + Lidocaína + Quinosol ";\N
"503140";"@brasil17136657075";"Trametinibe";\N
"503141";"@brasil13210768589";"Ulipristal";\N
"503142";"@brasil14643872029";"Vismodegibe";\N
"551151";"@brasil13587054686";"Nintedanibe";\N
"551152";"@brasil14003657654";"Ganirrelix";\N
"551153";"@brasil19257124520";"alfaquimotripsina ";\N
"551316";"@brasil14274649948";"Perindopril Arginina + Anlodipino";\N
"609552";"@brasil13601876489";"Bronfeniramina + Pseudoefedrina";\N
"609553";"@brasil15185432912";"Mucopolissacaridase + Alfamilase Bacteriana + Alfaquimotripsina ";\N
"609554";"@brasil15121535401";"Prometazina + Sulfoguaiacol";\N
"609555";"@brasil10051378578";"Alfafolitropina + Alfalutropina";\N
"609556";"@brasil14892286996";"Pamoato de Pirvínio";\N
"609557";"@brasil14307299556";"Insulina Humana Isófana Bifásica";\N
"609558";"@brasil16859637103";"Insulina Lispro Bifásica";\N
"609559";"@brasil11376287154";"Desoximetasona + Neomicina";\N
"609560";"@brasil16302524772";"Tirotricina + Hidroxiquinolina + Benzocaína";\N
"609561";"@brasil17383762705";"Trombina + Fibrinogênio";\N
"609562";"@brasil18011239521";"Concentrado de Complexo Protrombínico";\N
"779802";"@brasil17904909798";"Mifamurtida";\N
"779803";"@brasil15490830739";"Divalproato de Sódio";\N
"789102";"@brasil13739424610";"Macitentana";\N
"790514";"@brasil12224631142";"Ácido Undecilênico";\N
"790515";"@brasil19904882188";"Fralda adulta descartável";\N
"790516";"@brasil12850517827";"Ácido Acético";\N
"790517";"@brasil14537942877";"Ácido Ascórbico + Alfatocoferol + Zinco + Selênio + Retinol";\N
"790518";"@brasil14138161216";"Ácido Bórico";\N
"790519";"@brasil17076977757";"Ácido Gamaminobutírico + Lisina + Tiamina + Piridoxina + Cálcio";\N
"790520";"@brasil12970405445";"Ácidos Graxos Poliinsaturados Marinhos";\N
"790521";"@brasil13621094266";"Ácido Tricloroacético";\N
"790522";"@brasil19194255300";"Álcool Etílico";"álcool etílico"
"790523";"@brasil15107994017";"Bimatoprosta + Timolol";\N
"790524";"@brasil17957204492";"Vitaminas do Complexo B (B1, B2, B3, B5, B6)";\N
"790525";"@brasil14462040721";"Vitaminas do Complexo B (B1, B2, B3, B6, B12)";\N
"790526";"@brasil18438590435";"Vitaminas do Complexo B (B1, B6, B12)";\N
"790527";"@brasil18806830324";"Vitaminas do Complexo B (B1, B2, B6, B12 e PP)";\N
"790528";"@brasil18718380626";"Vitaminas do Complexo B (B7, B9, B12)";\N
"790529";"@brasil17171412469";"Violeta de Genciana";\N
"790530";"@brasil19701920773";"Codeína + Meloxicam + Paracetamol + Ranitidina";\N
"790531";"@brasil16995366770";"Água Destilada";\N
"790532";"@brasil15871071837";"Alendronato de Sódio";\N
"790533";"@brasil18369259188";"Artesunato de Sódio";\N
"790534";"@brasil14233080737";"Atorvastatina Cálcica";\N
"790535";"@brasil16057626432";"Azul de Metileno";\N
"790536";"@brasil17588890256";"Azul de Trypan";\N
"790537";"@brasil19771572293";"Benjoim";\N
"790538";"@brasil16091191009";"Bryophyllum Calycinum Argento Cultum";\N
"790539";"@brasil11141238473";"Canaglifozina";\N
"790540";"@brasil17432619645";"Candesartana Cilexetila";\N
"790541";"@brasil13739383120";"Carbamida";\N
"790542";"@brasil16399056971";"Carboximetilcelulose Sódica";\N
"790543";"@brasil10777135807";"Carvão Vegetal Ativado";\N
"790544";"@brasil14688508429";"Ceftriaxona Sódica";\N
"790545";"@brasil11111135035";"Cidreira";\N
"790546";"@brasil11490150196";"Cisteamina";\N
"790547";"@brasil188062502";"Sulfato de Abacavir";"sulfato de abacavir"
"790548";"@brasil015672";"Amoxicilina + Clavulanato de Potássio";"clavulanato de potássio,amoxicilina"
"790549";"@brasil55101";"Ácidos Graxos Essenciais";\N
"790550";"@brasil55101";"Alantoína + Aloe Vera + Ácidos Graxos Essenciais + Vitaminas A e E";\N
"790551";"@brasil55101";"Amburana Cearensis (Cumaru)";\N
"790552";"@brasil55101";"Associações com aminoácidos";\N
"790553";"@brasil1712151402";"Benzocaína + Benzoxiquina + Benzetônio + Mentol";\N
"790554";"@brasil9758162131";"Alfavestronidase";"alfavestronidase"
"790555";"@brasil8970625262";"Vacina febre amarela";"vacina febre amarela (atenuada)"
"790556";"@brasil0601300057";"Vacina Adsorvida Difteria, Tétano e Pertussis";"vacina adsorvida difteria, tétano e pertussis"
"790557";"@brasil4302151451";"Vacina Adsorvida Difteria, Tétano e Pertussis (Acelular)";"vacina adsorvida difteria, tétano e pertussis (acelular)"
"790558";"@brasil1587591991";"Vacina Bcg";"vacina bcg"
"790559";"@brasil3698268204";"Vacina Febre Tifóide (Atenuada)";"vacina febre tifoide (atenuada)"
"790560";"@brasil9776777851";"Vacina Febre Tifóide (Polissacarídica)";"vacina febre tifoide (polissacarídica)"
"790561";"@brasil3258395871";"Vacina Hepatite B (Recombinante)";"vacina hepatite b (recombinante)"
"790562";"@brasil3984469245";"Vacina Humana, Adsorvida, Difteria, Tétano, Pertussis + Hepatite B + Haemophilus Influenzae Tipo B";"vacina adsorvida difteria, tétano, pertussis, hepatite b (recombinante) e haemophilus influenzae b (conjugada)"
"790563";"@brasil4728093414";"Vacina adsorvida difteria e tétano adulto";"vacina adsorvida difteria e tétano adulto"
"790564";"@brasil6799686094";"Vacina Humana, Anti-hpv (Papiloma Vírus), Tetravalente";"vacina papilomavírus humano 6, 11, 16 e 18 (recombinante)"
"790565";"@brasil4769087513";"Vacina Humana Contra Difteria, Tétano e Pertussis + Haemophilus Influenzae Tipo B";"vacina adsorvida difteria, tétano, pertussis e haemophilus influenzae b (conjugada)"
"790566";"@brasil6934457821";"Vacina Humana Contra Hepatite A, Adsorvida e Inativada";"vacina adsorvida hepatite a (inativada)"
"790567";"@brasil4854167140";"Vacina Papilomavírus Humano 16 e 18 (recombinante)";"vacina papilomavírus humano 16 e 18 (recombinante)"
