"id_vtm";"codigo_obm";"nome_vtm";"nome_vtm_abreviado";"ingredientes_cod_nome"
"11214";"@brasil17393498118";"Abacavir";;"6644 - abacavir"
"288646";"@brasil19377654108";"Abacavir + Lamivudina";;"6644 - abacavir,9176 - lamivudina"
"42686";"@brasil17499565571";"Abatacepte";;"6645 - abatacepte"
"288647";"@brasil14183248814";"Abciximabe";;"6646 - abciximabe"
"11215";"@brasil10435971058";"Abiraterona";;"6648 - abiraterona"
"11216";"@brasil19999361241";"Acarbose";;"6650 - acarbose"
"65356";"@brasil19093546063";"Acebrofilina";;
"11217";"@brasil18688893343";"Aceclofenaco";;
"42687";"@brasil10471653909";"Aceponato de Metilprednisolona";;
"11218";"@brasil13446383301";"Acetato de Ciproterona + Valerato de Estradiol";;
"11219";"@brasil11165236784";"Acetato de Noretisterona";;
"42688";"@brasil19859573140";"Acetato de Sódio";;
"42689";"@brasil17882904285";"Acetato de Zinco";;
"11222";"@brasil13236205234";"Acetazolamida";;
"11223";"@brasil14362641743";"Acetilcisteína";;
"42690";"@brasil19835802314";"Acetilcisteína + Tuaminoeptano";;
"288648";"@brasil12783282055";"Acetilmetionina";;
"11224";"@brasil12104593320";"Aciclovir";;
"790516";"@brasil12850517827";"Ácido Acético";;
"11225";"@brasil17435041680";"Ácido Acetilsalicílico";;
"288651";"@brasil18317382164";"Ácido Acetilsalicílico + Ácido Ascórbico";;
"288652";"@brasil16136486562";"Ácido Acetilsalicílico + Cafeína";;
"288653";"@brasil15730286626";"Ácido Acetilsalicílico + Carbonato de Magnésio + Glicinato de Alumínio";;
"288656";"@brasil19369125019";"Ácido Acetilsalicílico + Dexcloferniramina + Fenilefrina + Cafeína";;
"11226";"@brasil10861428752";"Ácido Acetilsalicílico + Mononitrato de Isossorbida";;
"288657";"@brasil14788597825";"Ácido Acetilsalicílico + Paracetamol + Cafeína";;
"11227";"@brasil12002019026";"Ácido Alendrônico";;
"11228";"@brasil17425809181";"Ácido Alendrônico + Carbonato de Cálcio + Colecalciferol";;
"11229";"@brasil11122989142";"Ácido Alendrônico + Colecalciferol";;
"42691";"@brasil15530299026";"Ácido Aminocaproico";;
"11230";"@brasil13337518472";"Ácido Ascórbico";;
"790517";"@brasil14537942877";"Ácido Ascórbico + Alfatocoferol + Zinco + Selênio + Retinol";;
"288660";"@brasil16554550747";"Ácido Ascórbico + Carbonato de Cálcio";;
"288661";"@brasil18335917905";"Ácido Ascórbico + Carbonato de Cálcio + Colecalciferol + Piridoxina";;
"288662";"@brasil12015937595";"Ácido Ascórbico + Glicose";;
"11231";"@brasil13318625243";"Ácido Ascórbico + Zinco";;
"288663";"@brasil15071934567";"Ácido Azeláico";;
"790518";"@brasil14138161216";"Ácido Bórico";;
"65357";"@brasil10869256863";"Ácido Cítrico + Citrato de Sódio + Citrato de Potássio";;
"288658";"@brasil15835614375";"Ácido Épsilon Aminocaproico + Benzoato de Sódio + Guaifenesina + Cloreto de Amônio";;
"412564";"@brasil10916759203";"Ácido épsilon-aminocaproico";;
"11232";"@brasil16580571108";"Ácido Fólico";;
"288666";"@brasil18781911262";"Ácido Fólico + Ácido Ascórbico";;
"288667";"@brasil19879061400";"Ácido Fólico + Bisglicinato Ferroso";;
"288668";"@brasil13049573527";"Ácido Fólico + Dextroalfatocoferol";;
"11235";"@brasil16124997906";"Ácido Fólico + Piridoxina + Cianocobalamina";;
"42692";"@brasil18144088495";"Ácido Fólico + Racealfatocoferol";;
"42693";"@brasil14129545709";"Ácido Folínico";;
"42694";"@brasil16215463368";"Ácido Fusídico";;
"42695";"@brasil18688680023";"Ácido Fusídico + Betametasona";;
"288670";"@brasil18904698432";"Ácido Fusídico + Hidrocortisona";;
"288671";"@brasil17691441248";"Ácido Gamaminobutírico";;
"790519";"@brasil17076977757";"Ácido Gamaminobutírico + Lisina + Tiamina + Piridoxina + Cálcio";;
"288672";"@brasil11743111256";"Ácido Hialurônico";;
"11236";"@brasil15645427064";"Ácido Ibandrônico";;
"11237";"@brasil19852141912";"Ácido Mefenâmico";;
"11238";"@brasil12324428680";"Ácido Micofenólico";;
"11239";"@brasil12065717969";"Ácido Nalidíxico";;
"11240";"@brasil13355304116";"Ácido Nicotínico";;
"42696";"@brasil14797010322";"Ácido Paraminossalicílico";;
"42697";"@brasil17919011848";"Ácido Poliacrílico";;
"42698";"@brasil15204028583";"Ácido Salicílico";;
"42699";"@brasil12263107682";"Ácido Salicílico + Ácido Láctico";;
"288673";"@brasil15641232844";"Ácido Salicílico + Coaltar";;
"288674";"@brasil12976830761";"Ácido Salicílico + Enxofre";;
"11241";"@brasil10579366981";"Ácido Tióctico";;
"11242";"@brasil12830922865";"Ácido Tranexâmico";;
"790521";"@brasil13621094266";"Ácido Tricloroacético";;
"790514";"@brasil12224631142";"Ácido Undecilênico";;
"288675";"@brasil17960455581";"Ácido Undecilênico + Undecilenato de Zinco + Propionato de Zinco + Hexilresorcina";;
"11243";"@brasil12416513693";"Ácido Ursodesoxicólico";;
"11244";"@brasil13589800179";"Ácido Valproico";;
"42700";"@brasil15703452968";"Ácido Zoledrônico";;
"790549";"@brasil55101";"Ácidos Graxos Essenciais";;
"790520";"@brasil12970405445";"Ácidos Graxos Poliinsaturados Marinhos";;
"11245";"@brasil10699460124";"Acitretina";;
"65358";"@brasil17065646429";"Adalimumabe";;
"42701";"@brasil11727942107";"Adapaleno";;
"288676";"@brasil10871785934";"Adapaleno + Clindamicina";;
"288677";"@brasil10477563235";"Adapaleno + Peróxido de Benzoíla";;
"11246";"@brasil12727900390";"Adefovir";;
"42702";"@brasil11529351938";"Adenosina";;
"288678";"@brasil19772458679";"Adenosina + Racemetionina + Betaína + Piridoxina";;
"11247";"@brasil11541121891";"Aesculus hippocastanum L. (Castanha da Índia)";;
"288679";"@brasil17429604004";"Afatinibe";;
"288680";"@brasil17830644292";"Aflibercepte";;
"11248";"@brasil19521908590";"Agomelatina";;
"42703";"@brasil12462933679";"Água";;
"790531";"@brasil16995366770";"Água Destilada";;
"288681";"@brasil16864409758";"Água do Mar";;
"288682";"@brasil10830116225";"Água para Injetáveis";;
"288683";"@brasil13557352155";"Alanilglutamina";;
"288684";"@brasil15296412411";"Alantoína";;
"790550";"@brasil55101";"Alantoína + Aloe Vera + Ácidos Graxos Essenciais + Vitaminas A e E";;
"11249";"@brasil12986177589";"Albendazol";;
"65359";"@brasil12720461870";"Albumina Humana";;
"288685";"@brasil15810005901";"Alcaftadina";;
"42704";"@brasil17726612888";"Alcatrão Mineral";;
"790522";"@brasil19194255300";"Álcool Etílico";;"6895 - álcool etílico"
"288686";"@brasil13160792581";"Álcool Polivinílico";;
"42705";"@brasil11244263714";"Álcool Polivinílico + Povidona";;
"288688";"@brasil12387350118";"Aldesleucina";;
"790532";"@brasil15871071837";"Alendronato de Sódio";;
"42706";"@brasil13041480213";"Alentuzumabe";;
"288689";"@brasil16814914369";"Alfa-Agalsidase";;
"288690";"@brasil16912521799";"Alfa-Aglicosidase";;
"42707";"@brasil11474610232";"Alfa1antitripsina";;
"11250";"@brasil16365162483";"Alfacalcidol";;
"288691";"@brasil14117866198";"Alfacorifolitropina";;
"42708";"@brasil18248610828";"Alfacoriogonadotropina";;
"288692";"@brasil19851765900";"Alfadarbepoetina";;
"42709";"@brasil16819223756";"Alfadornase";;
"288693";"@brasil16905231219";"Alfadrotrecogina";;
"288694";"@brasil14970858705";"Alfaeftrenonacogue";;
"503021";"@brasil11842037495";"Alfaelosulfase";;
"42710";"@brasil19350286607";"Alfaepoetina";;
"288695";"@brasil14138600176";"Alfaeptacogue Ativado";;
"288696";"@brasil15780425075";"Alfaestradiol";;
"42711";"@brasil16293762079";"Alfafolitropina";;
"609555";"@brasil10051378578";"Alfafolitropina + Alfalutropina";;
"42712";"@brasil13417950879";"Alfainterferona 2a";;
"42713";"@brasil18208468469";"Alfainterferona 2b";;
"42714";"@brasil10788490017";"Alfalutropina";;
"288697";"@brasil16486325156";"Alfamoroctocogue";;
"288698";"@brasil15090350865";"Alfanonacogue";;
"42715";"@brasil19317044985";"Alfapeginterferona 2a";;
"42716";"@brasil14219755188";"Alfapeginterferona 2b";;
"288699";"@brasil15992779167";"Alfaporactanto";;
"551153";"@brasil19257124520";"alfaquimotripsina ";;
"503022";"@brasil13730240391";"Alfasimoctocogue";;
"42717";"@brasil13147641291";"Alfataliglicerase";;
"42718";"@brasil13078941201";"Alfatirotropina";;
"42719";"@brasil15951782440";"Alfavelaglicerase";;
"790554";"@brasil9758162131";"Alfavestronidase";"Alfavestronidase";"506485 - alfavestronidase"
"42720";"@brasil10522088910";"Alfentanila";;
"11251";"@brasil12867279957";"Alfuzosina";;
"42721";"@brasil14755097537";"Algestona + Estradiol";;
"288700";"@brasil14692843549";"Alginato de Sódio + Bicarbonato de Potássio";;
"288701";"@brasil15485880555";"Alginato de Sódio + Bicarbonato de Potássio + Carbonato de Cálcio";;
"503026";"@brasil10687671983";"Alirocumabe";;
"11252";"@brasil15240912645";"Alisquireno";;
"11253";"@brasil17602723665";"Alisquireno + Hidroclorotiazida";;
"288702";"@brasil13350872436";"Alizaprida";;
"412563";"@brasil11716365525";"Almitrina";;
"42722";"@brasil12209221265";"Aloe vera";;
"412560";"@brasil10106890247";"Alogliptina";;
"288703";"@brasil10296720824";"Alogliptina + Metformina";;
"288704";"@brasil11430987119";"Alogliptina + Pioglitazona";;
"11254";"@brasil12290880699";"Alopurinol";;
"11255";"@brasil18646232808";"Alprazolam";;
"42723";"@brasil16780814020";"Alprostadil";;
"42724";"@brasil17276406619";"Alteplase";;
"11256";"@brasil16358522255";"Amantadina";;
"11257";"@brasil15853913160";"Ambrisentana";;
"42725";"@brasil16039591342";"Ambroxol";;
"790551";"@brasil55101";"Amburana Cearensis (Cumaru)";;
"42726";"@brasil18368737163";"Amicacina";;
"288705";"@brasil16264773434";"Amidotrizoato de Sódio + Amidotrizoato de Meglumina";;
"288706";"@brasil17030906123";"Amifostina";;
"11258";"@brasil10193999343";"Amilorida + Clortalidona";;
"11259";"@brasil13408257544";"Amilorida + Hidroclorotiazida";;
"288707";"@brasil16360210622";"Amiltrina";;
"11260";"@brasil16459289998";"Aminaftona";;
"11261";"@brasil12071677670";"Aminobenzoato de Potássio";;
"11262";"@brasil10980518664";"Aminofilina";;
"288708";"@brasil10708335050";"Aminolevulinato";;
"11263";"@brasil18687560620";"Amiodarona";;
"11264";"@brasil10496247419";"Amissulprida";;
"11265";"@brasil16418555541";"Amitriptilina";;
"11266";"@brasil10604035760";"Amitriptilina + Clordiazepóxido";;
"42727";"@brasil13724912099";"Amorolfina";;
"11267";"@brasil13764512485";"Amoxicilina";;
"11268";"@brasil17010455453";"Amoxicilina + Ácido Clavulânico";;
"790548";"@brasil015672";"Amoxicilina + Clavulanato de Potássio";;"7021 - amoxicilina,7653 - clavulanato de potássio"
"11269";"@brasil13758740119";"Amoxicilina + Sulbactam";;
"11270";"@brasil17762334547";"Ampicilina";;
"42728";"@brasil13518349316";"Ampicilina + Sulbactam";;
"11271";"@brasil17535452689";"Amprenavir";;
"11272";"@brasil14390260114";"Anagrelida";;
"11273";"@brasil19344942809";"Anastrozol";;
"11274";"@brasil13553934015";"Anfepramona";;
"42729";"@brasil16417010589";"Anfotericina B";;
"42730";"@brasil11530005308";"Anfotericina B Lipossomal";;
"42731";"@brasil18398995079";"Anidulafungina";;
"11275";"@brasil19734841955";"Anlodipino";;
"11276";"@brasil18012408042";"Anlodipino + Atenolol";;
"11277";"@brasil10857514654";"Anlodipino + Atorvastatina";;
"11278";"@brasil10250349453";"Anlodipino + Benazepril";;
"11279";"@brasil18679203611";"Anlodipino + Enalapril";;
"11280";"@brasil12644970008";"Anlodipino + Losartana";;
"42732";"@brasil17404959784";"Antimoniato de Meglumina";;
"11283";"@brasil18444721043";"Apixabana";;
"11284";"@brasil18219741961";"Aprepitanto";;
"11285";"@brasil15764546984";"Arginina";;
"288659";"@brasil14812278713";"Arginina + Ácido Ascórbico";;
"11286";"@brasil14163509349";"Arginina + Ornitina + Citrulina";;
"288709";"@brasil14461043693";"Argipressina";;
"11287";"@brasil13523906098";"Aripiprazol";;
"42734";"@brasil16924190917";"Arteméter";;
"11288";"@brasil15129002755";"Arteméter + Lumefantrina";;
"42735";"@brasil19137512917";"Artesunato";;
"11289";"@brasil15073295788";"Artesunato + Mefloquina";;
"790533";"@brasil18369259188";"Artesunato de Sódio";;
"288710";"@brasil10180213627";"Articaína + Epinefrina";;
"11290";"@brasil19979470984";"Asenapina";;
"42736";"@brasil14914992147";"Asparaginase";;
"11291";"@brasil14677467870";"Aspartato de Magnésio + Carbonato de Cálcio + Ranitidina + Colecalciferol";;
"42737";"@brasil17162422291";"Aspartato de Ornitina";;
"790552";"@brasil55101";"Associações com aminoácidos";;
"11292";"@brasil13448926705";"Atazanavir";;
"11293";"@brasil13212230225";"Atenolol";;
"11294";"@brasil15714371319";"Atenolol + Clortalidona";;
"11295";"@brasil18935166231";"Atenolol + Nifedipino";;
"288711";"@brasil17517937361";"Atomoxetina";;
"11296";"@brasil17532717507";"Atorvastatina";;
"790534";"@brasil14233080737";"Atorvastatina Cálcica";;
"288712";"@brasil17049046238";"Atosibana";;
"42738";"@brasil11067135324";"Atracúrio";;
"42739";"@brasil13848410055";"Atropina";;
"288713";"@brasil12691419414";"Axetilcefuroxima";;
"288714";"@brasil12309958665";"Axitinibe";;
"42740";"@brasil16040644612";"Azacitidina";;
"11297";"@brasil10858089150";"Azatioprina";;
"42741";"@brasil18657993205";"Azelastina";;
"288715";"@brasil13475535392";"Azelastina + Fluticasona";;
"412561";"@brasil19241805334";"Azilsartana Medoxomila";;
"288716";"@brasil10447801276";"Azilsartana Medoxomila + Clortalidona";;
"11298";"@brasil11692293538";"Azitromicina";;
"42742";"@brasil15168032500";"Aztreonam";;
"790535";"@brasil16057626432";"Azul de Metileno";;
"790536";"@brasil17588890256";"Azul de Trypan";;
"288717";"@brasil11812400511";"Bacillus cereus";;
"11299";"@brasil15887200547";"Baclofeno";;
"42743";"@brasil19866183193";"Bambuterol";;
"11300";"@brasil14359122433";"Bamifilina";;
"42744";"@brasil13826818775";"Basiliximabe";;
"11301";"@brasil14134010833";"Beclometasona";;
"288718";"@brasil17718599034";"Beclometasona + Formoterol";;
"42745";"@brasil19535544605";"Beclometasona + Salbutamol";;
"288719";"@brasil13155793949";"Belatacepte";;
"42746";"@brasil16197267011";"Belimumabe";;
"288720";"@brasil12623172953";"Bemiparina Sódica";;
"11302";"@brasil17592687174";"Benazepril";;
"11303";"@brasil15561403682";"Benazepril + Hidroclorotiazida";;
"11304";"@brasil15028957196";"Benciclano";;
"42747";"@brasil12379701548";"Bendamustina";;
"42748";"@brasil13306707015";"Benfotiamina";;
"790537";"@brasil19771572293";"Benjoim";;
"288664";"@brasil19311860359";"Benzalcônio + Ácido Bórico";;
"42749";"@brasil19394430739";"Benzalcônio + Cetrimônio";;
"42750";"@brasil17052032961";"Benzalcônio + Cloreto de Sódio";;
"11305";"@brasil18460575245";"Benzbromarona";;
"42751";"@brasil17076872899";"Benzidamina";;
"42752";"@brasil14228265921";"Benzilpenicilina Benzatina";;
"42753";"@brasil19910711215";"Benzilpenicilina Potássica";;
"288721";"@brasil13648483224";"Benzilpenicilina Procaína";;
"42754";"@brasil16868758625";"Benzilpenicilina Procaína + Benzilpenicilina Potássica";;
"11306";"@brasil17216004948";"Benznidazol";;
"42755";"@brasil14611659788";"Benzoato de Benzila";;
"42756";"@brasil12452023374";"Benzoato de Sódio";;
"288722";"@brasil10372897572";"Benzocaína";;
"503028";"@brasil13153218107";"Benzocaína +  Borato de Sódio + Cetilpiridínio";;
"790553";"@brasil1712151402";"Benzocaína + Benzoxiquina + Benzetônio + Mentol";;
"288723";"@brasil10919038494";"Benzocaína + Bicarbonato de Sódio + Cloreto de Potássio";;
"503029";"@brasil10636350595";"Benzocaína + Dequalínio";;
"288724";"@brasil13476500066";"Benzocaína + Tirotricina";;
"42757";"@brasil18425137816";"Benzocaína + Triclosana + Mentol";;
"42758";"@brasil14769619268";"Benzoilmetronidazol";;
"288725";"@brasil14625385155";"Benzoilmetronidazol + Nistatina + Benzalcônio";;
"42759";"@brasil18572683200";"Beractanto";;
"288726";"@brasil12697425886";"Besifloxacino";;
"11307";"@brasil10698299314";"Betacaroteno";;
"42760";"@brasil18554558508";"Betaepoetina";;
"288727";"@brasil19610974274";"Betaepoetina Metoxipolietilenoglicol";;
"42761";"@brasil17054743250";"Betafolitropina";;
"42762";"@brasil19610041033";"Betagalsidase";;
"42763";"@brasil16885975725";"Betainterferona 1a";;
"42764";"@brasil15599755834";"Betainterferona 1b";;
"11308";"@brasil11843482032";"Betaistina";;
"11309";"@brasil17122512529";"Betametasona";;
"42765";"@brasil17340852306";"Betametasona + Ácido Salicílico ";;
"42766";"@brasil19904994338";"Betametasona + Formoterol";;
"42767";"@brasil17502415082";"Betametasona + Gentamicina";;
"288728";"@brasil19962594022";"Betametasona + Gentamicina + Tolnaftato + Clioquinol";;
"68177";"@brasil17568340679";"Betametasona + Hialuronidase";;
"288729";"@brasil10980047602";"Betametasona + Neomicina";;
"503030";"@brasil13722098965";"Betametasona+ Clorfenesina + Tetracaína ";;
"11310";"@brasil10082116861";"Betametildigoxina";;
"11311";"@brasil19043047024";"Betanecol";;
"503031";"@brasil16701443348";"Betapeginterferona 1a";;
"42768";"@brasil17797092707";"Betaxolol";;
"42769";"@brasil16478218598";"Bevacizumabe";;
"11312";"@brasil14968884851";"Bezafibrato";;
"11313";"@brasil17715283488";"Bicalutamida";;
"42770";"@brasil18999815179";"Bicarbonato de Sódio";;
"288731";"@brasil12122138739";"Bicarbonato de Sódio + Carbonato de Cálcio + Carbonato de Magnésio + Carbonato de Bismuto";;
"288736";"@brasil14680530031";"Bicarbonato de Sódio + Carbonato de Sódio";;
"288665";"@brasil11343498407";"Bicarbonato de Sódio + Carbonato de Sódio + Ácido Acetilsalicílico + Ácido Cítrico";;
"288730";"@brasil15012456247";"Bicarbonato de Sódio + Carbonato de Sódio + Ácido Cítrico";;
"288732";"@brasil15573325263";"Bifonazol";;
"11314";"@brasil13669763200";"Bilastina";;
"42771";"@brasil15564420413";"Bimatoprosta";;
"790523";"@brasil15107994017";"Bimatoprosta + Timolol";;
"288733";"@brasil11500210408";"Biotina";;
"11315";"@brasil15202965842";"Biperideno";;
"65361";"@brasil13865466557";"Bisacodil";;
"11316";"@brasil15005539919";"Bisacodil + Docusato de Sódio";;
"288734";"@brasil10781076559";"Bisglicinato Ferroso";;
"11317";"@brasil19418802379";"Bisoprolol";;
"11318";"@brasil12077392452";"Bisoprolol + Hidroclorotiazida";;
"42772";"@brasil10822656834";"Bleomicina";;
"11319";"@brasil12130555427";"Boceprevir";;
"11320";"@brasil14420600089";"Borago Officinalis L.";;
"42773";"@brasil17420023237";"Bortezomibe";;
"11321";"@brasil15711334472";"Bosentana";;
"42774";"@brasil14632145998";"Brentuximabe Vedotina";;
"42775";"@brasil10900660585";"Brimonidina";;
"42776";"@brasil10606865239";"Brimonidina + Timolol";;
"42777";"@brasil10332344751";"Brinzolamida";;
"503035";"@brasil10092162656";"Brinzolamida + Brimonidina";;
"42778";"@brasil19841128343";"Brinzolamida + Timolol";;
"11322";"@brasil15294872404";"Bromazepam";;
"288735";"@brasil19404751879";"Brometo de Glicopirrônio";;
"11323";"@brasil19340358914";"Brometo de Otilônio";;
"11730";"@brasil15850156223";"Brometo de Pinavério";;
"503036";"@brasil17525028284";"Brometo de Umeclidíno";;
"288738";"@brasil11900384342";"Brometo de Umeclidíno + Vilanterol";;
"42779";"@brasil18208607776";"Bromexina";;
"11324";"@brasil10817177667";"Bromocriptina";;
"11325";"@brasil16064811902";"Bromoprida";;
"11326";"@brasil17872526818";"Bronfeniramina + Fenilefrina";;
"609552";"@brasil13601876489";"Bronfeniramina + Pseudoefedrina";;
"11327";"@brasil11168198697";"Brosimum gaudichaudii";;
"790538";"@brasil16091191009";"Bryophyllum Calycinum Argento Cultum";;
"11328";"@brasil12223413336";"Buclizina";;
"11329";"@brasil17612470896";"Budesonida";;
"288737";"@brasil15188394825";"Buflomedil";;
"11331";"@brasil14123161549";"Bumetanida";;
"42780";"@brasil11519654160";"Bupivacaína";;
"288743";"@brasil18516156316";"Bupivacaína + Epinefrina";;
"65362";"@brasil12111221981";"Bupivacaína + Glicose";;
"288739";"@brasil13936737545";"Buprenorfina";;
"11332";"@brasil16439463696";"Bupropiona";;
"11333";"@brasil19827834142";"Buspirona";;
"503037";"@brasil17348653763";"Busserelina";;
"288740";"@brasil13982535006";"Bussulfano";;
"288741";"@brasil18102462707";"Butenafina";;
"42781";"@brasil12972447780";"Butoconazol";;
"42782";"@brasil10303276729";"Cabazitaxel";;
"11334";"@brasil19820779932";"Cabergolina";;
"65363";"@brasil18959710539";"Cafeína";;
"42783";"@brasil12599040615";"Calcipotriol";;
"42784";"@brasil12085373197";"Calcipotriol + Betametasona";;
"42785";"@brasil12629744448";"Calcitonina";;
"11335";"@brasil19620397544";"Calcitriol";;
"503038";"@brasil14168184271";"Calendula officinalis + Óxido de Zinco";;
"288742";"@brasil18564708825";"Cambendazol";;
"503040";"@brasil11470249379";"Cambendazol + Mebendazol ";;
"11336";"@brasil18639648236";"Canagliflozina";;
"790539";"@brasil11141238473";"Canaglifozina";;
"42786";"@brasil16892602960";"Canaquinumabe";;
"11337";"@brasil14337048859";"Candesartana";;
"11338";"@brasil15766299892";"Candesartana + Felodipino";;
"11339";"@brasil15820353193";"Candesartana + Hidroclorotiazida";;
"790540";"@brasil17432619645";"Candesartana Cilexetila";;
"11340";"@brasil11802866599";"Capecitabina";;
"42787";"@brasil16573781766";"Capreomicina";;
"288744";"@brasil16886655413";"Capsaicina";;
"11341";"@brasil11553273722";"Captopril";;
"42788";"@brasil12191100261";"Carbacol";;
"11342";"@brasil12357769125";"Carbamazepina";;
"790541";"@brasil13739383120";"Carbamida";;
"42789";"@brasil11234156312";"Carbocisteína";;
"42790";"@brasil19597481086";"Carbômer + Sorbitol";;
"11343";"@brasil17129024765";"Carbonato de Cálcio";;
"11344";"@brasil18571816763";"Carbonato de Cálcio + Colecalciferol";;
"11345";"@brasil11472009830";"Carbonato de Cálcio + Lactogliconato de Cálcio";;
"288749";"@brasil11189892068";"Carbonato de Cálcio + Lactogliconato de Cálcio + Ácido Ascórbico";;
"11346";"@brasil11644599167";"Carbonato de Lítio";;
"11347";"@brasil13806966657";"Carbonato de Lodenafila";;
"288746";"@brasil13764076207";"Carbonato de Sevelâmer";;
"42791";"@brasil14284936806";"Carboplatina";;
"288747";"@brasil12165956060";"Carboximaltose Férrica";;
"790542";"@brasil16399056971";"Carboximetilcelulose Sódica";;
"503042";"@brasil10966366072";"Carfilzomibe";;
"42792";"@brasil12632241082";"Carmelose";;
"288748";"@brasil19537551987";"Carmelose Sódica";;
"42793";"@brasil10306395300";"Carmelose Sódica + Glicerol";;
"288754";"@brasil11633915091";"Carmelose Sódica + Glicerol + Polissorbato";;
"288750";"@brasil17336804685";"Carmustina";;
"42794";"@brasil13635253563";"Carnitina";;
"790543";"@brasil10777135807";"Carvão Vegetal Ativado";;
"11348";"@brasil14101036090";"Carvedilol";;
"42795";"@brasil17257082225";"Caspofungina";;
"11349";"@brasil19084280791";"Cassia angustifolia + Tamarindus indica + Cassia fistula +  Coriandrum sativum";;
"11350";"@brasil13118295997";"Cefaclor";;
"11351";"@brasil18338637916";"Cefadroxila";;
"11352";"@brasil12338301903";"Cefalexina";;
"42796";"@brasil15379650745";"Cefalotina";;
"42797";"@brasil15127007359";"Cefazolina";;
"42798";"@brasil19496084868";"Cefepima";;
"42799";"@brasil12099402575";"Cefotaxima";;
"42800";"@brasil12008758579";"Cefoxitina";;
"42801";"@brasil13745585477";"Cefrtriaxona";;
"288751";"@brasil13114347533";"Ceftarolina Fosamila";;
"42802";"@brasil12701651958";"Ceftazidima";;
"288752";"@brasil13561323920";"Ceftriaxona";;
"790544";"@brasil14688508429";"Ceftriaxona Sódica";;
"11353";"@brasil16675596074";"Cefuroxima";;
"11354";"@brasil16363074970";"Celecoxibe";;
"65364";"@brasil18464887064";"Certolizumabe Pegol";;
"42803";"@brasil12271503667";"Cetamina";;
"288753";"@brasil18463577308";"Cetilpiridínio";;
"42804";"@brasil13252562770";"Cetilpiridínio + Benzocaína";;
"11355";"@brasil11788586937";"Cetirizina";;
"11356";"@brasil19853710083";"Cetoconazol";;
"288755";"@brasil12778843838";"Cetoconazol + Betametasona";;
"42805";"@brasil19448303158";"Cetoconazol + Betametasona + Neomicina";;
"11357";"@brasil13902789915";"Cetoprofeno";;
"288756";"@brasil18992474225";"Cetoprofeno + Omeprazol";;
"42806";"@brasil17483827793";"Cetorolaco";;
"42807";"@brasil19074229800";"Cetorrelix";;
"11358";"@brasil19952819634";"Cetotifeno";;
"42808";"@brasil12919665930";"Cetuximabe";;
"42809";"@brasil17375640557";"Cianocobalamina";;
"11359";"@brasil18055728735";"Cianocobalamina + Piridoxina + Tiamina";;
"288757";"@brasil16625839923";"Cianocobalamina + Piridoxina + Tiamina + Lidocaína";;
"288759";"@brasil10881366785";"Cianocobalamina + Tiamina + Piridoxina + Diclofenaco Sódico";;
"42810";"@brasil18119205307";"Ciclesonida";;
"11360";"@brasil10420185084";"Ciclobenzaprina";;
"11361";"@brasil17933739522";"Ciclobenzaprina + Cafeína";;
"11363";"@brasil18239495089";"Ciclofenila";;
"11364";"@brasil15973047748";"Ciclofosfamida";;
"42811";"@brasil18469105173";"Ciclopentolato";;
"42812";"@brasil17987910253";"Ciclopirox";;
"412567";"@brasil13812008288";"Ciclopirox Olamina";;
"11365";"@brasil15146753781";"Ciclosporina";;
"42813";"@brasil14532236059";"Cidofovir";;
"790545";"@brasil11111135035";"Cidreira";;
"11366";"@brasil17814625972";"Cilazapril";;
"288761";"@brasil17113412381";"Cilazapril + Hidroclorotiazida";;
"11367";"@brasil13632868828";"Cilostazol";;
"11368";"@brasil14720466531";"Cimetidina";;
"11369";"@brasil12703726479";"Cimicifuga racemosa";;
"11370";"@brasil19357233110";"Cinacalcete";;
"11371";"@brasil18674986424";"Cinarizina";;
"288760";"@brasil15951502485";"Cipionato de Testosterona";;
"65365";"@brasil15445304013";"Ciproeptadina + Cobamamida";;
"11372";"@brasil15303233101";"Ciprofibrato";;
"11373";"@brasil10491206542";"Ciprofloxacino";;
"42814";"@brasil18697449841";"Ciprofloxacino + Dexametasona";;
"42815";"@brasil19890541339";"Ciprofloxacino + Hidrocortisona";;
"11374";"@brasil16546333716";"Ciproterona";;
"42816";"@brasil13360357481";"Ciproterona + Etinilestradiol";;
"42817";"@brasil17130163698";"Cisatracúrio";;
"42818";"@brasil15569746358";"Cisplatina";;
"790546";"@brasil11490150196";"Cisteamina";;
"11375";"@brasil11258049262";"Citalopram";;
"42819";"@brasil16458241003";"Citarabina";;
"11376";"@brasil16651245471";"Citicolina";;
"11377";"@brasil19482079881";"Citrato de Cálcio + Colecalciferol";;
"412571";"@brasil18493315797";"Citrato de Colina + Raceometionina";;
"11378";"@brasil17456663302";"Citrato de Potássio";;
"503055";"@brasil10421082535";"Citrato Férrico Amoniacal";;
"288763";"@brasil17222536965";"Citrato Férrico Amoniacal + Cianocobalamina";;
"42821";"@brasil18535108553";"Cladribina";;
"11379";"@brasil18837077176";"Claritromicina";;
"288762";"@brasil17712554760";"Clemastina";;
"42822";"@brasil15929644325";"Clemastina + Dexametasona";;
"11380";"@brasil11815396287";"Clindamicina";;
"42823";"@brasil14042896276";"Clindamicina + Peróxido de Benzoíla";;
"288765";"@brasil13207493696";"Clioquinol + Hidrocortisona";;
"11381";"@brasil12565750210";"Clobazam";;
"42824";"@brasil12425548714";"Clobetasol";;
"65367";"@brasil12823384182";"Clobutinol";;
"65366";"@brasil11831859183";"Clobutinol + Doxilamina";;
"42825";"@brasil19999055050";"Clodronato Dissódico";;
"11382";"@brasil17382562500";"Clofazimina";;
"11383";"@brasil19215562182";"Clomifeno";;
"11384";"@brasil13930123720";"Clomipramina";;
"11385";"@brasil12003932363";"Clonazepam";;
"11386";"@brasil18229290960";"Clonidina";;
"11387";"@brasil15134658025";"Clonixinato de Lisina";;
"11362";"@brasil18408142669";"Clonixinato de Lisina + Ciclobenzaprina";;
"288764";"@brasil12975020857";"Cloperastina";;
"11388";"@brasil10985417552";"Clopidogrel";;
"288654";"@brasil10241973753";"Clopidogrel + Ácido Acetilsalicílico";;
"11389";"@brasil19523113991";"Clorambucila";;
"11390";"@brasil14659317613";"Cloranfenicol";;
"42826";"@brasil12718629419";"Cloranfenicol + Colagenase";;
"42827";"@brasil13595982251";"Cloranfenicol + Lidocaína";;
"11391";"@brasil14727246401";"Clordiazepóxido";;
"11392";"@brasil19658279472";"Cloreto de Potássio";;
"288766";"@brasil17112406217";"Cloreto de Potássio + Cloreto de Sódio + Citrato de Sódio + Glicose";;
"288767";"@brasil15939550310";"Cloreto de Potássio + Cloreto de Sódio + Glicose";;
"42828";"@brasil19824023309";"Cloreto de Sódio";;
"42829";"@brasil18332170104";"Cloreto de Sódio + Benzalcônio + Nafazolina";;
"288768";"@brasil18360533208";"Cloreto de Sódio + Cloreto de Potássio + Cloreto de Cálcio";;
"288769";"@brasil13984015418";"Cloreto de Sódio + Cloreto de Potássio + Cloreto de Cálcio + Lactato de Sódio";;
"42932";"@brasil19342491186";"Cloreto de Sódio + Glicose";;
"42830";"@brasil12188780904";"Clorexidina";;
"288655";"@brasil14019009193";"Clorfeniramina + Ácido Acetilsalicílico + Cafeína";;
"288770";"@brasil14838477776";"Clorfeniramina + Ácido Ascórbico + Dipirona";;
"11393";"@brasil14109658470";"Cloridrato de Quinina + Papaverina";;
"11394";"@brasil11573454244";"Cloridrato de Sevelâmer";;
"288772";"@brasil16686281659";"Clormadinona + Etinilestradiol";;
"42831";"@brasil15947394514";"Cloroquina";;
"11395";"@brasil15538296116";"Clorpromazina";;
"11396";"@brasil12971118159";"Clorpropamida";;
"11397";"@brasil18240702754";"Clortalidona";;
"11398";"@brasil12290159604";"Clorzoxazona + Paracetamol";;
"42832";"@brasil13170630169";"Clostebol + Neomicina";;
"42833";"@brasil18010967612";"Clotrimazol";;
"42834";"@brasil10542947863";"Clotrimazol + Dexametasona";;
"11399";"@brasil16728690066";"Cloxazolam";;
"11400";"@brasil16772971828";"Clozapina";;
"65368";"@brasil18621343669";"Coaltar";;
"11401";"@brasil13678789252";"Cobamamida";;
"503058";"@brasil19206314764";"Cobimetinibe";;
"11402";"@brasil18075031085";"Codeína";;
"790530";"@brasil19701920773";"Codeína + Meloxicam + Paracetamol + Ranitidina";;
"42835";"@brasil18681836786";"Colagenase";;
"11403";"@brasil19338787977";"Colchicina";;
"11404";"@brasil12468846944";"Colecalciferol";;
"288771";"@brasil12240342936";"Coleselevam";;
"42836";"@brasil11780340653";"Colestiramina";;
"288649";"@brasil11366664143";"Colina + Betaína + Acetilmetionina";;
"288773";"@brasil16710379798";"Colina + Betaína + Metionina";;
"288774";"@brasil13493054324";"Colina + Betaína + Racemetionina";;
"288777";"@brasil18955102755";"Colina + Metionina";;
"42837";"@brasil12856193214";"Colistimetato";;
"42838";"@brasil18939944418";"Colistina";;
"609562";"@brasil18011239521";"Concentrado de Complexo Protrombínico";;
"65369";"@brasil14636566110";"Cordia verbenacea";;
"288775";"@brasil17334132534";"Corynebacterium parvulan";;
"11405";"@brasil14327871094";"Crizotinibe";;
"42839";"@brasil16131142763";"Cromoglicato Dissódico";;
"42840";"@brasil13835880870";"Cumarina + Heparina sódica";;
"42841";"@brasil10785976368";"Cumarina + Troxerrutina";;
"11406";"@brasil14232814947";"Curcuma longa";;
"11407";"@brasil18180461764";"Cybara scolymus (Alcachofra)";;
"42842";"@brasil12422239539";"Cynara scolymus (Alcachofra)";;
"288776";"@brasil16191500010";"Dabrafenibe";;
"42843";"@brasil19753268899";"Dacarbazina";;
"11408";"@brasil18203864289";"Daclatasvir";;
"42844";"@brasil11499626189";"Dactinomicina";;
"42845";"@brasil18238324556";"Dalteparina";;
"11409";"@brasil16477936464";"Danazol";;
"11410";"@brasil17778089759";"Dantroleno";;
"11411";"@brasil19456639715";"Dapagliflozina";;
"288782";"@brasil14010501981";"Dapagliflozina + Metformina";;
"288778";"@brasil16201014057";"Dapoxetina";;
"11412";"@brasil13948929610";"Dapsona";;
"42846";"@brasil16692744525";"Daptomicina";;
"503060";"@brasil16222688653";"Daratumumabe";;
"11413";"@brasil11374729210";"Darifenacina";;
"11414";"@brasil15026857530";"Darunavir";;
"11415";"@brasil11010100329";"Dasatinibe";;
"288779";"@brasil14139762327";"Daunorrubicina";;
"42847";"@brasil18748749267";"Decanoato de Zuclopentixol";;
"42848";"@brasil13665513072";"Decitabina";;
"11416";"@brasil19969929361";"Deferasirox";;
"11417";"@brasil16819346132";"Deferiprona";;
"11418";"@brasil14186942887";"Deflazacorte";;
"288780";"@brasil12095769774";"Degarrelix";;
"42849";"@brasil12081317865";"Delapril + Manidipino";;
"42850";"@brasil19410050415";"Deltametrina";;
"42851";"@brasil10806298795";"Denosumabe";;
"42852";"@brasil15801343036";"Desferroxamina";;
"288781";"@brasil18059562198";"Desflurano";;
"42853";"@brasil16587819107";"Deslanosídeo";;
"11419";"@brasil10476676346";"Desloratadina";;
"288784";"@brasil17337612449";"Desloratadina + Pseudoefedrina";;
"43165";"@brasil15733897969";"Desmopressina";;
"11421";"@brasil19822553375";"Desogestrel";;
"11422";"@brasil17682738151";"Desogestrel + Etinilestradiol";;
"42854";"@brasil15535066736";"Desonida";;
"288783";"@brasil15873823616";"Desoximetasona";;
"609559";"@brasil11376287154";"Desoximetasona + Neomicina";;
"288785";"@brasil19066591707";"Desoxirribonuclease + Fibrinolisina + Cloranfenicol";;
"11423";"@brasil18946030937";"Desvenlafaxina";;
"11424";"@brasil11681940546";"Dexametasona";;
"288758";"@brasil16151777249";"Dexametasona + Cianocobalamina + Piridoxina + Tiamina";;
"288786";"@brasil13320121496";"Dexametasona + Cianocobalamina + Tiamina + Piridoxina";;
"42855";"@brasil17911876669";"Dexametasona + Cloranfenicol + Tetrizolina";;
"42856";"@brasil12954183445";"Dexametasona + Neomicina";;
"288787";"@brasil19400832669";"Dexametasona + Neomicina + Fenilefrina";;
"42857";"@brasil11035287529";"Dexametasona + Neomicina + Polimixina B";;
"288788";"@brasil17043799166";"Dexbronfeniramina + Pseudoefedrina";;
"11425";"@brasil11571610225";"Dexclorfeniramina";;
"42858";"@brasil16313887615";"Dexclorfeniramina + Betametasona";;
"288796";"@brasil14521496326";"Dexclorfeniramina + Pseudoefedrina + Guaifenesina";;
"288789";"@brasil17016498134";"Dexlansoprazol";;
"42859";"@brasil18463575799";"Dexmedetomidina";;
"42860";"@brasil13376216461";"Dexpantenol";;
"42861";"@brasil11490355218";"Dexrazoxano";;
"288790";"@brasil13951093482";"Dextroalfatocoferol";;
"42862";"@brasil17323127012";"Dextrocetamina";;
"288791";"@brasil18705973314";"Dextrometorfano";;
"288865";"@brasil15137986478";"Dextrometorfano + Guaifenesina";;
"288792";"@brasil11676586438";"Dextropropoxifeno";;
"11439";"@brasil16070633385";"Di-hidroergocristina";;
"11440";"@brasil17552431408";"Di-hidroergocristina + Flunarizina";;
"11441";"@brasil19550257192";"Di-hidroergotamina + Dipirona + Cafeína";;
"288805";"@brasil10383620373";"Di-hidroergotamina + Paracetamol + Cafeína + Metoclopramida";;
"11426";"@brasil12812229796";"Diacereína";;
"288793";"@brasil12265012553";"Diatrizoato de Meglumina";;
"11427";"@brasil19346318614";"Diazepam";;
"11428";"@brasil18294903995";"Diazóxido";;
"288794";"@brasil16295303762";"Dicicloverina";;
"42863";"@brasil12144569718";"Diclofenaco Colestiramina";;
"42864";"@brasil18753467860";"Diclofenaco Dietilamônio";;
"11429";"@brasil13435564443";"Diclofenaco Potássico";;
"288795";"@brasil14681481461";"Diclofenaco Resinato";;
"11430";"@brasil12293110537";"Diclofenaco Sódico";;
"11431";"@brasil11158859664";"Diclofenaco Sódico + Codeína";;
"11432";"@brasil18914967018";"Dicloridrato de Manidipino";;
"42865";"@brasil17333630458";"Dicloridrato de Quinina";;
"11433";"@brasil11098256409";"Didanosina";;
"11434";"@brasil18746381296";"Didrogesterona";;
"11435";"@brasil10437137567";"Dienogeste";;
"11436";"@brasil15946544254";"Dietilcarbamazina";;
"11437";"@brasil18421308879";"Dietilestilbestrol";;
"42866";"@brasil10407749022";"Difenidramina";;
"288745";"@brasil18884808427";"Difenidramina + Calamina + Cânfora";;
"288798";"@brasil19250699120";"Difenidramina + Cloreto de Amônio";;
"288799";"@brasil10564383239";"Difenidramina + Cloreto de Amônio + Citrato de Sódio";;
"288801";"@brasil13655946303";"Difenidramina + Nafazolina";;
"288800";"@brasil15069819142";"Diflucortolona";;
"288802";"@brasil13070274397";"Diflucortolona + Clorquinaldol";;
"11438";"@brasil14266911943";"Digoxina";;
"11442";"@brasil15093992048";"Diltiazem";;
"11443";"@brasil16819188972";"Dimenidrinato";;
"11444";"@brasil18813969024";"Dimenidrinato + Piridoxina";;
"65370";"@brasil17318799854";"Dimenidrinato + Piridoxina + Glicose + Frutose";;
"288803";"@brasil14383533385";"Dimercaprol";;
"11445";"@brasil13612278515";"Dimeticona";;
"11446";"@brasil11619485812";"Dinitrato de Isossorbida";;
"288804";"@brasil12706844044";"Dinoprostona";;
"11447";"@brasil17260593823";"Diosmina + Hesperidina";;
"11448";"@brasil11444511991";"Dipiridamol";;
"11449";"@brasil15440778791";"Dipirona";;
"288809";"@brasil15450217904";"Dipirona + Cafeína";;
"42867";"@brasil10037854042";"Dipirona + Isometepteno + Cafeína";;
"42868";"@brasil18966023453";"Dipirona + Prometazina + Adifenina";;
"11450";"@brasil12870358295";"Dissulfiram";;
"779803";"@brasil15490830739";"Divalproato de Sódio";;
"288806";"@brasil13797570040";"Dobesilato de Cálcio";;
"42869";"@brasil14716555451";"Dobutamina";;
"42870";"@brasil16684707202";"Docetaxel";;
"288807";"@brasil17836989393";"Dolasetrona";;
"288808";"@brasil17792237155";"Dolutegravir";;
"11451";"@brasil18029455408";"Domperidona";;
"11452";"@brasil11536202468";"Donepezila";;
"288811";"@brasil13021238419";"Donepezila + Memantina";;
"42871";"@brasil19273869970";"Dopamina";;
"42872";"@brasil16315228552";"Dorzolamida";;
"42873";"@brasil13754533158";"Dorzolamida + Timolol";;
"11453";"@brasil13592646421";"Doxazosina";;
"11454";"@brasil13354625014";"Doxazosina + Finasterida";;
"11455";"@brasil15995186114";"Doxiciclina";;
"42874";"@brasil19826980445";"Doxorrubicina";;
"412562";"@brasil15888356244";"Dronedarona";;
"42875";"@brasil17871303060";"Droperidol";;
"42876";"@brasil19875574277";"Dropropizina";;
"11456";"@brasil19912055840";"Drospirenona + Etinilestradiol";;
"288810";"@brasil13874378364";"Dulaglutida";;
"11457";"@brasil11574721169";"Duloxetina";;
"288814";"@brasil11308686435";"Duloxetina + Tansulosina";;
"11458";"@brasil18137438628";"Dutasterida";;
"11459";"@brasil15963029949";"Dutasterida + Tansulosina";;
"11460";"@brasil15402834167";"Ebastina";;
"11461";"@brasil19125081298";"Ebastina + Pseudoefedrina";;
"42877";"@brasil15763962514";"Echinacea purpurea";;
"42878";"@brasil19193090048";"Eculizumabe";;
"11462";"@brasil19416904297";"Efavirenz";;
"42879";"@brasil18673563009";"Efedrina";;
"11463";"@brasil19709277905";"Eltrombopague Olamina";;
"288812";"@brasil13483057312";"Emboato de Pirvínio";;
"11464";"@brasil10295676942";"Empagliflozina";;
"11465";"@brasil12350551300";"Enalapril";;
"11466";"@brasil10865725986";"Enalapril + Hidroclorotiazida";;
"288813";"@brasil18351571612";"Enflurano";;
"42880";"@brasil15788545211";"Enfuvirtida";;
"42881";"@brasil12922037338";"Enoxaparina Sódica";;
"11467";"@brasil17276976337";"Entacapona";;
"11468";"@brasil13787704037";"Entecavir";;
"288816";"@brasil13517529230";"Entricitabina + Tenofovir";;
"412568";"@brasil15790377412";"Enzalutamida";;
"42882";"@brasil17244551363";"Epinastina";;
"42883";"@brasil17456645113";"Epinefrina";;
"42884";"@brasil15549571787";"Epirrubicina";;
"11469";"@brasil17107591484";"Ergometrina";;
"288815";"@brasil11488717645";"Eribulina";;
"11470";"@brasil14174845621";"Eritromicina";;
"42885";"@brasil15377923905";"Eritropoietina";;
"11471";"@brasil19551453960";"Erlotinibe";;
"42886";"@brasil10240904473";"Ertapeném";;
"42887";"@brasil15070750958";"Escina + Polissulfato de Escina Sódica +  Salicilato de Dietilamina";;
"288817";"@brasil13121493525";"Escina + Salicilato de Dietilamina";;
"11472";"@brasil15232733249";"Escitalopram";;
"11473";"@brasil17509304672";"Escopolamina";;
"43224";"@brasil17954194048";"Escopolamina + Dipirona";;
"43225";"@brasil11745747952";"Escopolamina + Paracetamol";;
"42888";"@brasil14631041682";"Esmolol";;
"11474";"@brasil11848323923";"Esomeprazol";;
"11475";"@brasil16713705905";"Espiramicina";;
"288818";"@brasil15054880244";"Espiramicina + Metronidazol";;
"11476";"@brasil18023558069";"Espironolactona";;
"11533";"@brasil11010329071";"Espironolactona + Furosemida";;
"11477";"@brasil19976672937";"Espironolactona + Hidroclorotiazida";;
"11478";"@brasil15812690792";"Estavudina";;
"11479";"@brasil19133435457";"Estazolam";;
"11480";"@brasil18229105217";"Estearato de Eritromicina";;
"11481";"@brasil13745220026";"Estradiol";;
"11220";"@brasil15487034324";"Estradiol + Acetato de Noretisterona";;
"11482";"@brasil14038784785";"Estradiol + Didrogesterona";;
"288819";"@brasil15909920953";"Estradiol + Didrogesterona";;
"42889";"@brasil17942955844";"Estradiol + Enantato de Noretisterona";;
"288821";"@brasil14195059167";"Estradiol + Trimegestona";;
"42890";"@brasil15821654483";"Estreptomicina";;
"288820";"@brasil14384964343";"Estreptoquinase";;
"11483";"@brasil18958264158";"Estriol";;
"11484";"@brasil12674966744";"Estrogênios Conjugados";;
"11485";"@brasil16500041554";"Etambutol";;
"42891";"@brasil15279405194";"Etanercepte";;
"11486";"@brasil14475307849";"Etexilato de Dabigatrana";;
"42892";"@brasil18932062831";"Etilefrina";;
"11221";"@brasil13939461579";"Etinilestradiol + Acetato de Noretisterona";;
"11487";"@brasil12876414890";"Etionamida";;
"11488";"@brasil10956151215";"Etodolaco";;
"11489";"@brasil16151511710";"Etofibrato";;
"42893";"@brasil18822098883";"Etomidato";;
"42894";"@brasil17314306232";"Etonogestrel";;
"288822";"@brasil17820403115";"Etonogestrel + Etinilestradiol";;
"11490";"@brasil17889105217";"Etoposídeo";;
"11491";"@brasil10990991266";"Etoricoxibe";;
"11492";"@brasil11287640985";"Etossuximida";;
"11493";"@brasil13465231435";"Etravirina";;
"288825";"@brasil16064399596";"Eucaliptol + Terpina + Mentol";;
"11494";"@brasil13463234530";"Everolimo";;
"288823";"@brasil16516838385";"Evolocumabe";;
"42895";"@brasil10105234821";"Exemestano";;
"42896";"@brasil18583255714";"Exenatida";;
"503061";"@brasil16808463991";"Extrato de Allii cepae L.  + Alantoína + Heparina Sódica";;
"503069";"@brasil18586256770";"Extratos Alergênicos de Insetos Sugadores";;
"11495";"@brasil16920478656";"Ezetimiba";;
"11496";"@brasil14212689998";"Ezetimiba + Sinvastatina";;
"11497";"@brasil10302014331";"Famotidina";;
"11498";"@brasil18872001969";"Fampridina";;
"11499";"@brasil13453967163";"Fanciclovir";;
"288824";"@brasil19122982888";"Fator de von Willebrand";;
"42897";"@brasil12600574420";"Fator IX";;
"42898";"@brasil17253105263";"Fator VIII";;
"288826";"@brasil12953049625";"Fator VIII + Fator de von Willebrand";;
"11500";"@brasil10653830216";"Felodipino";;
"288831";"@brasil16349200154";"Felodipino + Metoprolol";;
"11501";"@brasil12907249900";"Femprocumona";;
"11502";"@brasil12574759164";"Femproporex";;
"11503";"@brasil14152046425";"Fenazopiridina";;
"11504";"@brasil13035954946";"Fenilbutazona";;
"42899";"@brasil18463803368";"Fenilefrina";;
"288687";"@brasil18373945510";"Fenilefrina + Álcool Polivinílico";;
"42900";"@brasil10559701360";"Fenilefrina + Tetracaína";;
"11505";"@brasil12723635762";"Fenitoína";;
"51023";"@brasil14866157922";"Fenitoína Sódica";;
"11506";"@brasil14510314281";"Fenobarbital";;
"11507";"@brasil14380664427";"Fenofibrato";;
"503071";"@brasil10817018830";"Fenol + Mentol";;
"288827";"@brasil16572049646";"Fenoprofeno";;
"42901";"@brasil17407097002";"Fenoterol";;
"42902";"@brasil15356381240";"Fenoterol + Ipratrópio";;
"288828";"@brasil14001099665";"Fenoxazolina";;
"42903";"@brasil14560615506";"Fenoximetilpenicilina";;
"42904";"@brasil16733934120";"Fentanila";;
"42905";"@brasil19987824389";"Fentanila + Droperidol";;
"288829";"@brasil10289349694";"Fenticonazol";;
"288830";"@brasil19443449785";"Fentolamina";;
"11508";"@brasil18372379603";"Ferripolimaltose";;
"11233";"@brasil12946980122";"Ferripolimaltose + Ácido Fólico";;
"288669";"@brasil15610683740";"Ferro Quelato + Ácido Fólico";;
"288835";"@brasil15439712194";"Ferro Quelato + Piridoxina + Nicotinamida";;
"288832";"@brasil13415651723";"Ferrocarbonila";;
"11509";"@brasil18719905043";"Fexofenadina";;
"11510";"@brasil18482386718";"Fexofenadina + Pseudoefedrina";;
"288833";"@brasil18030658463";"Fibrinogênio";;
"503072";"@brasil10139621160";"Fibrinogênio + Aprotinina + Trombina ";;
"42906";"@brasil19737319897";"Filgrastim";;
"11511";"@brasil16252218768";"Finasterida";;
"11512";"@brasil15813933996";"Fingolimode";;
"42907";"@brasil18723126628";"Fitomenadiona";;
"11513";"@brasil10313013986";"Flucitosina";;
"11514";"@brasil14123268250";"Fluconazol";;
"65371";"@brasil12684301250";"Fludarabina";;
"11515";"@brasil19677299603";"Fludrocortisona";;
"288834";"@brasil19906337454";"Fludroxicortida";;
"288836";"@brasil17479548915";"Fludroxicortida + Clioquinol";;
"43169";"@brasil11972124633";"Fludroxicortida + Neomicina";;
"11516";"@brasil16016693575";"Flufenazina";;
"42909";"@brasil14403673757";"Flumazenil";;
"11517";"@brasil11051569376";"Flunarizina";;
"11518";"@brasil17207766459";"Flunitrazepam";;
"43175";"@brasil17348499284";"Fluocinolona Acetonida + Hidroquinona + Tretinoína";;
"288837";"@brasil11078608306";"Fluocinolona Acetonida + Neomicina + Polimixina B + Lidocaína";;
"288843";"@brasil16283129383";"Fluocortolona + Lidocaína";;
"42910";"@brasil15848989211";"Fluoresceína";;
"42911";"@brasil16033925092";"Fluormetolona";;
"42912";"@brasil12622658136";"Fluoruracila";;
"11519";"@brasil12884124481";"Fluoxetina";;
"11520";"@brasil12797323336";"Flurazepam";;
"288838";"@brasil12954395088";"Flurbiprofeno";;
"11521";"@brasil15334243545";"Flutamida";;
"42913";"@brasil15011515713";"Fluticasona";;
"42914";"@brasil17189604468";"Fluticasona + Salmeterol";;
"42915";"@brasil10913475509";"Fluticasona + Vilanterol";;
"288839";"@brasil11536150835";"Flutrimazol";;
"11522";"@brasil18279248025";"Fluvastatina";;
"11523";"@brasil15393509803";"Fluvoxamina";;
"288840";"@brasil18817569219";"Folinato de Cálcio";;
"288841";"@brasil19479393900";"Fondaparinux Sódico";;
"11524";"@brasil12129805247";"Formoterol";;
"11330";"@brasil11392114786";"Formoterol + Budesonida";;
"503075";"@brasil19340775997";"Formoterol + Fluticasona ";;
"11525";"@brasil14468497133";"Fosamprenavir";;
"288842";"@brasil10944262156";"Fosaprepitanto Dimeglumina";;
"11526";"@brasil15953070236";"Fosfato de Cálcio + Colecalciferol";;
"288845";"@brasil14064915955";"Fosfato de Cálcio + Fluoreto de Sódio";;
"11527";"@brasil16359860091";"Fosfato de Cloroquina";;
"42916";"@brasil12998564449";"Fosfato de Histamina";;
"288844";"@brasil18582860759";"Fosfato de Potássio";;
"42917";"@brasil12252396029";"Fosfato de Sódio";;
"288850";"@brasil13082094138";"Fosfato de Sódio Monobásico + Fosfato de Sódio Dibásico";;
"42918";"@brasil12266287106";"Fosfomicina";;
"11528";"@brasil13940090055";"Fosinopril";;
"43170";"@brasil18356332533";"Fotemustina";;
"503081";"@brasil17185031804";"Frações Peptídicas Alergênicas";;
"790515";"@brasil19904882188";"Fralda adulta descartável";;
"288846";"@brasil14575997808";"Frutose";;
"42920";"@brasil14574247750";"Fulvestranto";;
"288847";"@brasil10685241482";"Fumarato de Dimetila";;
"11529";"@brasil10620870310";"Furazolidona";;
"11530";"@brasil11284081693";"Furosemida";;
"11531";"@brasil14557797846";"Furosemida + Amilorida";;
"11532";"@brasil18936744459";"Furosemida + Cloreto de Potássio";;
"288848";"@brasil19698214295";"Fusafungina";;
"11534";"@brasil18241412282";"Gabapentina";;
"11535";"@brasil18176074508";"Galantamina";;
"288849";"@brasil16435347343";"Galsulfase";;
"11536";"@brasil16156136006";"Ganciclovir";;
"68176";"@brasil19488016532";"Gangliosídeo GM1";;
"551152";"@brasil14003657654";"Ganirrelix";;
"42921";"@brasil16072377743";"Gatifloxacino";;
"288851";"@brasil16104428967";"Gatifloxacino + Prednisolona";;
"11537";"@brasil16252456814";"Gefitinibe";;
"42922";"@brasil16639145775";"Gelatina";;
"288852";"@brasil11275862734";"Gelatina + Cloreto de Sódio + Cloreto de Potássio + Cloreto de Cálcio";;
"503086";"@brasil14023976812";"Gemifloxacino";;
"42923";"@brasil14978595956";"Gencitabina";;
"11538";"@brasil12793876362";"Genfibrozila";;
"42924";"@brasil14975542764";"Gentamicina";;
"288860";"@brasil15169897725";"Gentamicina + Desonida";;
"11539";"@brasil15212011675";"Gestodeno + Etinilestradiol";;
"288853";"@brasil18066027077";"Gestrinona";;
"11540";"@brasil17678429601";"Ginkgo biloba";;
"42925";"@brasil19941926261";"Glatirâmer";;
"11541";"@brasil12756113290";"Glibenclamida";;
"11542";"@brasil10745277953";"Glibenclamida + Metformina";;
"288854";"@brasil16502547492";"Glicerina";;
"42926";"@brasil14783003323";"Glicerofosfato de sódio";;
"42927";"@brasil14089238143";"Glicerol";;
"288855";"@brasil18314656537";"Glicina";;
"11543";"@brasil15458050206";"Glicinato de Magnésio + Piridoxina";;
"11544";"@brasil15054417479";"Glicinato Férrico";;
"11234";"@brasil14993187592";"Glicinato Férrico + Ácido Fólico ";;
"11545";"@brasil18897937086";"Gliclazida";;
"42928";"@brasil16097181052";"Gliconato de Cálcio";;
"42929";"@brasil18218191141";"Glicosamina";;
"43171";"@brasil15865289079";"Glicosamina + Condroitina";;
"42931";"@brasil12799412860";"Glicose";;
"11546";"@brasil19326433303";"Glimepirida";;
"11547";"@brasil19938355570";"Glimepirida + Metformina";;
"11548";"@brasil11712478250";"Glipizida";;
"42933";"@brasil18314217660";"Glucagon";;
"288856";"@brasil12065640521";"Glucana";;
"11549";"@brasil18747324847";"Glycine max (Isoflavona de Soja)";;
"11550";"@brasil18599189796";"Glycine max + Persea gratissima";;
"42934";"@brasil13543615054";"Golimumabe";;
"288857";"@brasil15384233299";"Gonadotropina Coriônica";;
"42935";"@brasil12775422596";"Gosserrelina";;
"288858";"@brasil10724245244";"Granisetrona";;
"11551";"@brasil16753974747";"Griseofulvina";;
"288859";"@brasil17468526629";"Guaifenesina";;
"288861";"@brasil13443909047";"Halobetasol";;
"11552";"@brasil17972304659";"Haloperidol";;
"288862";"@brasil11709852368";"Halotano";;
"11553";"@brasil19599599360";"Harpagophytum procumbens (Garra do Diabo)";;
"43172";"@brasil14257448103";"Hedera helix";;
"42937";"@brasil13246268128";"Heparina Sódica";;
"43173";"@brasil13691373590";"Heparina Sódica + Nicotinato de Benzila";;
"288863";"@brasil18217535006";"Hetamido";;
"288864";"@brasil15958118237";"Hexafluoreto de Enxofre";;
"288866";"@brasil17815577989";"Hexamidina + Tetracaína";;
"42939";"@brasil17905073162";"Hialuronato de Sódio";;
"65374";"@brasil11465106997";"Hialuronidase";;
"43174";"@brasil15684523949";"Hialuronidase + Lidocaína + Neomicina";;
"42941";"@brasil19786561734";"Hidralazina";;
"42942";"@brasil15217589497";"Hidrato de Cloral";;
"11554";"@brasil14081083138";"Hidroclorotiazida";;
"11555";"@brasil11606617914";"Hidrocortisona";;
"288867";"@brasil13663930820";"Hidrocortisona + Clioquinol";;
"11556";"@brasil15789840467";"Hidromorfona";;
"42943";"@brasil16728262589";"Hidroquinona";;
"288869";"@brasil13372810056";"Hidroquinona + Ácido Glicólico";;
"288868";"@brasil14872920441";"Hidrosmina";;
"503087";"@brasil16787865045";"Hidroxiapatita";;
"11557";"@brasil14129348902";"Hidroxicloroquina";;
"11558";"@brasil13277223419";"Hidróxido de Alumínio";;
"288870";"@brasil12245289265";"Hidróxido de Alumínio + Carbonato de Cálcio";;
"11559";"@brasil13998070696";"Hidróxido de Alumínio + Hidróxido de Magnésio";;
"288882";"@brasil16635831319";"Hidróxido de Alumínio + Hidróxido de Magnésio + Carbonato de Cálcio";;
"43176";"@brasil19688924884";"Hidróxido de Alumínio + Hidróxido de Magnésio + Metilcelulose";;
"503088";"@brasil11867395099";"Hidróxido de Alumínio + Hidróxido de Magnésio + Oxetacaína";;
"42946";"@brasil17988544764";"Hidróxido de Alumínio + Hidróxido de Magnésio + Simeticona";;
"503089";"@brasil18973380668";"Hidróxido de Alumínio + Hidróxido de Magnésio + Trissilicato de Magnésio";;
"42947";"@brasil19757936361";"Hidróxido de Magnésio";;
"288871";"@brasil11108016464";"Hidróxido Férrico";;
"503090";"@brasil19264718356";"Hidroxietilamido";;
"503092";"@brasil19223095669";"Hidroxietilamido + Cloreto de Sódio";;
"43177";"@brasil16399126876";"Hidroxiquinolina + Trolamina";;
"11560";"@brasil10158683535";"Hidroxiureia";;
"11561";"@brasil18799205894";"Hidroxizina";;
"42949";"@brasil14824047827";"Hidroxocobalamina";;
"42820";"@brasil15581966251";"Hidroxocobalamina + Citidina + Uridina";;
"42950";"@brasil14846430358";"Hipromelose";;
"43178";"@brasil12928860039";"Hipromelose + Cetrimida";;
"42952";"@brasil19760008619";"Hipromelose + Dextrana";;
"43179";"@brasil15446919876";"Hipromelose + Dextrana + Glicerol";;
"288872";"@brasil18804214835";"Homatropina";;
"11562";"@brasil13519979177";"Hypericum perforatum";;
"288873";"@brasil10697025097";"Ibrutinibe";;
"11563";"@brasil11202278509";"Ibuprofeno";;
"43180";"@brasil18448019573";"Ibuprofeno + Arginina";;
"11564";"@brasil15451455324";"Ibuprofeno + Paracetamol + Carisoprodol + Piridoxina";;
"42955";"@brasil14260752334";"Icatibanto";;
"288874";"@brasil17072481285";"Idarrubicina";;
"11565";"@brasil13650441404";"Idebenona";;
"288875";"@brasil13271331444";"Idoxuridina";;
"65375";"@brasil19272631543";"Idursulfase";;
"42956";"@brasil12023736118";"Ifosfamida";;
"42957";"@brasil17336423895";"Iloprosta";;
"11566";"@brasil11897841357";"Imatinibe";;
"42958";"@brasil10610911435";"Imiglucerase";;
"42959";"@brasil11045285798";"Imipeném + Cilastatina";;
"11567";"@brasil18537882879";"Imipramina";;
"42960";"@brasil13393694993";"Imiquimode";;
"288876";"@brasil15139213673";"Imunoglobulina anti-Rho (D)";;
"288877";"@brasil15882074343";"Imunoglobulina antitetânica";;
"288878";"@brasil13992731005";"Imunoglobulina antitimócito";;
"288879";"@brasil12317432305";"Imunoglobulina G";;
"288880";"@brasil19608968819";"Imunoglobulina humana";;
"288881";"@brasil11092547494";"Imunoglobulina humana anti-hepatite B";;
"11568";"@brasil16995890638";"Indacaterol";;
"288886";"@brasil12679011850";"Indacaterol + Glicopirrônio";;
"11569";"@brasil19365804863";"Indapamida";;
"11570";"@brasil15841352710";"Indinavir";;
"11571";"@brasil11109349271";"Indometacina";;
"42961";"@brasil13832617879";"Infliximabe";;
"288883";"@brasil19901514423";"Ingenol";;
"288884";"@brasil19600078470";"Inibidor de C1 esterase derivado de plasma humano";;
"42962";"@brasil18982004725";"Insulina Asparte";;
"503095";"@brasil15566391585";"Insulina Asparte bifásica ";;
"42963";"@brasil13412170300";"Insulina Degludeca";;
"42964";"@brasil10114837632";"Insulina Detemir";;
"42965";"@brasil10337677569";"Insulina Glargina";;
"42966";"@brasil11343875257";"Insulina Glulisina";;
"288885";"@brasil18295849390";"Insulina Humana";;
"609557";"@brasil14307299556";"Insulina Humana Isófana Bifásica";;
"42967";"@brasil15706343887";"Insulina Lispro";;
"609558";"@brasil16859637103";"Insulina Lispro Bifásica";;
"65376";"@brasil11967837038";"Iobitridol";;
"42968";"@brasil14500093975";"Iodeto de Potássio";;
"288893";"@brasil12201887770";"Iodo + Óleo Vegetal + Ácido Salicílico";;
"288887";"@brasil18507511388";"Iodopovidona";;
"288888";"@brasil14500521703";"ioimbina";;
"288889";"@brasil16980074658";"Iotalamato de Meglumina";;
"42969";"@brasil15381438521";"Ioxitalamato de Meglumina";;
"288890";"@brasil11398808490";"Ipilimumabe";;
"42970";"@brasil13406910991";"Ipratrópio";;
"42971";"@brasil10890239700";"Ipratrópio + Salbutamol";;
"11572";"@brasil18022688530";"Irbesartana";;
"11573";"@brasil16785395150";"Irbesartana + Hidroclorotiazida";;
"42972";"@brasil14230465835";"Irinotecano";;
"42973";"@brasil18481610386";"Isoconazol";;
"288891";"@brasil16053818784";"Isofluorano";;
"42974";"@brasil19716654734";"Isoflurano";;
"11574";"@brasil19858910467";"Isoniazida";;
"11575";"@brasil18938367196";"Isoniazida + Rifampicina";;
"288892";"@brasil16072668763";"Isotipendil";;
"11576";"@brasil15115104889";"Isotretinoína";;
"288894";"@brasil12791432870";"Isotretinoína + Eritromicina";;
"11577";"@brasil18760423163";"Isoxsuprina";;
"11578";"@brasil18456801461";"Itraconazol";;
"11579";"@brasil16002738125";"Ivabradina";;
"11580";"@brasil14643286553";"Ivermectina";;
"11581";"@brasil15208218697";"Lacidipino";;
"11582";"@brasil12111234134";"Lacosamida";;
"11583";"@brasil14931514890";"Lactase";;
"288897";"@brasil19861538445";"Lactato de Amônia + Alantoína";;
"42975";"@brasil13138442823";"Lactulose";;
"11584";"@brasil18323872356";"Lamivudina";;
"11585";"@brasil16824817420";"Lamotrigina";;
"43181";"@brasil15899338549";"Lanatosídeo C";;
"503097";"@brasil14615287308";"Lanreotida";;
"11586";"@brasil19152470340";"Lansoprazol";;
"43182";"@brasil14152634332";"Lansoprazol + Claritromicina + Amoxicilina";;
"11587";"@brasil15287899750";"Lapatinibe";;
"42978";"@brasil16542250220";"Laronidase";;
"42979";"@brasil13295922942";"Latanoprosta";;
"43183";"@brasil13065156323";"Latanoprosta + Benzalcônio";;
"42981";"@brasil16852864357";"Latanoprosta + Timolol";;
"11588";"@brasil18982088041";"Leflunomida";;
"11589";"@brasil19046741264";"Lenalidomida";;
"503099";"@brasil17592937374";"Lenvatinibe";;
"11590";"@brasil18287442509";"Lercanidipino";;
"11591";"@brasil14296989061";"Letrozol";;
"42982";"@brasil14376553271";"Leuprorrelina";;
"288895";"@brasil17351501347";"levamisol";;
"11592";"@brasil16622618087";"Levanlodipino";;
"11593";"@brasil10222123562";"Levetiracetam";;
"42983";"@brasil11324173593";"Levobunolol";;
"42984";"@brasil13491208462";"Levobupivacaína";;
"43184";"@brasil12867878928";"Levobupivacaína + Epinefrina";;
"11913";"@brasil12342058085";"Levocetirizina";;
"288896";"@brasil18383208435";"Levocloperastina";;
"11594";"@brasil11242763856";"Levodopa + Benserazida";;
"11595";"@brasil15547448903";"Levodopa + Carbidopa";;
"11596";"@brasil14008953257";"Levodopa + Carbidopa + Entacapona";;
"42986";"@brasil13483521837";"Levodropropizina";;
"11597";"@brasil13402419883";"Levofloxacino";;
"288898";"@brasil14158067230";"Levomentol + Cânfora";;
"288899";"@brasil11205721125";"Levomentol + Cânfora + Eucalipto";;
"11598";"@brasil14985239955";"Levomepromazina";;
"11599";"@brasil14718940437";"Levonorgestrel";;
"11600";"@brasil18638982629";"Levonorgestrel + Etinilestradiol";;
"42987";"@brasil16943984110";"Levosimendana";;
"11601";"@brasil19038092146";"Levotiroxina Sódica";;
"42988";"@brasil14269355351";"Lidocaína";;
"288900";"@brasil13554404240";"Lidocaína + Acetato de Hidrocortisona + Óxido de Zinco + Subacetato de Alumínio";;
"43185";"@brasil15143925979";"Lidocaína + Benzalcônio";;
"288901";"@brasil14154858135";"Lidocaína + Epinefrina";;
"42990";"@brasil10514824734";"Lidocaína + Glicose";;
"288902";"@brasil10111078265";"Lidocaína + Norepinefrina";;
"42991";"@brasil19766057923";"Lidocaína + Prilocaína";;
"288904";"@brasil10120851648";"Lidocaína + Tetracaína";;
"288903";"@brasil18090817226";"Limeciclina";;
"11602";"@brasil19273513152";"Linagliptina";;
"288911";"@brasil12677413338";"Linagliptina + Metformina";;
"42992";"@brasil17285815724";"Lincomicina";;
"288905";"@brasil16331806866";"Linestrenol";;
"11603";"@brasil19253289631";"Linezolida";;
"288906";"@brasil11296479702";"Lipegfilgrastim";;
"65377";"@brasil12021290865";"Liraglutida";;
"503100";"@brasil19101407785";"Lisado bacteriano de Escherichia coli";;
"503101";"@brasil12728227117";"Lisados bacterianos ";;
"11604";"@brasil18445909010";"Lisdexanfetamina";;
"288907";"@brasil17486978215";"Lisina";;
"11605";"@brasil14469676467";"Lisinopril";;
"11606";"@brasil17010655612";"Lisinopril + Hidroclorotiazida";;
"288908";"@brasil13545452283";"Lixisenatida";;
"288909";"@brasil15266327079";"Lomustina";;
"11607";"@brasil11644248972";"Loperamida";;
"11608";"@brasil17189278328";"Lopinavir + Ritonavir";;
"11609";"@brasil11013645035";"Loratadina";;
"11610";"@brasil13500390501";"Loratadina + Pseudoefedrina";;
"11611";"@brasil14461017710";"Lorazepam";;
"503105";"@brasil11943709813";"Lorcasserina";;
"11612";"@brasil11803917354";"Lornoxicam";;
"11613";"@brasil15636533949";"Losartana";;
"11614";"@brasil12770917994";"Losartana + Hidroclorotiazida";;
"42993";"@brasil17130905161";"Loteprednol";;
"503106";"@brasil14252536727";"Loteprednol + Tobramicina";;
"11615";"@brasil16944988430";"Lovastatina";;
"288910";"@brasil15695278853";"Loxoprofeno";;
"789102";"@brasil13739424610";"Macitentana";;
"42994";"@brasil13797078945";"Macrogol 4000";;
"503107";"@brasil15431554507";"Magaldrato";;
"42995";"@brasil17592679546";"Magaldrato + Simeticona";;
"42996";"@brasil16572161209";"Manitol";;
"11616";"@brasil16412188480";"Maprotilina";;
"11617";"@brasil11225977418";"Maraviroque";;
"65378";"@brasil14202943521";"Maytenus ilicifolia";;
"11618";"@brasil16893321960";"Maytenus ilicifolia (Espinheira Santa)";;
"11619";"@brasil10788677855";"Mebendazol";;
"11620";"@brasil13263423705";"Mebendazol + Tiabendazol";;
"11621";"@brasil13951085268";"Mebeverina";;
"11622";"@brasil19965155532";"Meclozina";;
"11623";"@brasil17972522169";"Medroxiprogesterona";;
"42998";"@brasil10697355260";"Medroxiprogesterona + Estradiol";;
"412565";"@brasil19434699748";"Mefloquina";;
"11624";"@brasil19967144558";"Megestrol";;
"11625";"@brasil15918156592";"Melfalana";;
"11626";"@brasil19689349595";"Melilotus officinalis (Trevo Amarelo)";;
"11627";"@brasil10692278509";"Meloxicam";;
"11628";"@brasil14393344067";"Memantina";;
"42999";"@brasil13238473461";"Menotropina";;
"11629";"@brasil19889885119";"Mentha piperita (Hortelã)";;
"288912";"@brasil16301230438";"Mentol + Cânfora + Óleo de Eucalipto";;
"503108";"@brasil14400162662";"Mepartricina + Tetraciclina";;
"288913";"@brasil13473912488";"Mepiramina + Hidróxido de Alumínio + Ácido Acetilsalicílico + Cafeína";;
"43000";"@brasil14100301836";"Mepivacaína";;
"288917";"@brasil14979570771";"Mepivacaína + Norepinefrina";;
"11630";"@brasil16269393707";"Mercaptamina";;
"11631";"@brasil11677313484";"Mercaptopurina";;
"43001";"@brasil10786089105";"Meropeném";;
"11632";"@brasil19578386608";"Mesalazina";;
"11633";"@brasil12859992898";"Mesilato de Codergocrina";;
"43002";"@brasil11629540324";"Mesilato de Pralidoxima";;
"43003";"@brasil15789434615";"Mesna";;
"288915";"@brasil11907620020";"Mesterolona";;
"11634";"@brasil15564804974";"Metadona";;
"43004";"@brasil14058552414";"Metaraminol";;
"43186";"@brasil17115993420";"Metenamina + Cloreto de Metiltionínio";;
"11635";"@brasil19244046488";"Metformina";;
"43006";"@brasil12924458534";"Metilcelulose";;
"11636";"@brasil19525817825";"Metildopa";;
"11637";"@brasil19896949974";"Metilergometrina ";;
"11638";"@brasil10907296705";"Metilfenidato";;
"43007";"@brasil12446635739";"Metilprednisolona";;
"288916";"@brasil14140486104";"Metipranolol";;
"11639";"@brasil14845633910";"Metoclopramida";;
"11640";"@brasil11506279744";"Metoclopramida + Simeticona + Pepsina";;
"11641";"@brasil12994497298";"Metoprolol";;
"11642";"@brasil10453647570";"Metoprolol + Hidroclorotiazida";;
"11643";"@brasil13284746261";"Metotrexato";;
"11644";"@brasil15062788905";"Metoxisaleno";;
"11645";"@brasil15459706051";"Metronidazol";;
"288921";"@brasil16605943799";"Metronidazol + Miconazol";;
"43008";"@brasil13459803398";"Metronidazol + Nistatina";;
"43187";"@brasil10148189476";"Metronidazol + Nistatina + Benzalcônio";;
"288918";"@brasil12476395853";"Micafungina";;
"11646";"@brasil12110163849";"Micofenolato de Mofetila";;
"11647";"@brasil14171701402";"Micofenolato de Sódio";;
"43010";"@brasil19959110084";"Miconazol";;
"11648";"@brasil14528015770";"Midazolam";;
"11649";"@brasil10124974957";"Midodrina";;
"779802";"@brasil17904909798";"Mifamurtida";;
"11650";"@brasil17040827782";"Miglustate";;
"43188";"@brasil19392967426";"Mikania glomerata";;
"43012";"@brasil19416140538";"Milrinona";;
"11651";"@brasil14829214348";"Minociclina";;
"11652";"@brasil13023588705";"Minoxidil";;
"288919";"@brasil17443267261";"Mirabegrona";;
"11653";"@brasil10630300789";"Mirtazapina";;
"11654";"@brasil14080738138";"Misoprostol";;
"43013";"@brasil17203372749";"Mitomicina";;
"11655";"@brasil18512788635";"Mitotano";;
"43014";"@brasil17768442440";"Mitoxantrona";;
"288920";"@brasil19787149054";"Moclobemida";;
"11656";"@brasil10321729070";"Modafinila";;
"43015";"@brasil17232094263";"Molgramostim";;
"11657";"@brasil16070279753";"Mometasona";;
"288923";"@brasil18523529625";"Mometasona + Ácido Fusídico";;
"43016";"@brasil12855144302";"Mometasona + Formoterol";;
"11658";"@brasil19386211864";"Mononitrato de Isossorbida";;
"288922";"@brasil13668272143";"Monossialogangliosídeo";;
"43017";"@brasil12579439032";"Monossulfiram";;
"11659";"@brasil18720220370";"Montelucaste";;
"288926";"@brasil17629361605";"Montelucaste + Levocetirizina";;
"11660";"@brasil15442466571";"Morfina";;
"11661";"@brasil11051672054";"Morus nigra 500 (Amora)";;
"11662";"@brasil18930960862";"Moxifloxacino";;
"43189";"@brasil16520269014";"Moxifloxacino + Dexametasona";;
"288924";"@brasil11612832006";"Mucopolissacaridase";;
"609553";"@brasil15185432912";"Mucopolissacaridase + Alfamilase Bacteriana + Alfaquimotripsina ";;
"11663";"@brasil11499788463";"Multivitaminas e Sais Minerais";;
"43019";"@brasil14331762560";"Mupirocina";;
"503110";"@brasil15330262811";"Nadroparina ";;
"288925";"@brasil12493571463";"Nafarrelina";;
"43020";"@brasil13920496015";"Nafazolina";;
"43190";"@brasil14422443101";"Nafazolina + Benzalcônio";;
"43191";"@brasil12551408774";"Nafazolina + Dexametasona + Neomicina";;
"43023";"@brasil16607192703";"Nafazolina + Feniramina";;
"503111";"@brasil19532864072";"Nafazolina + Mepiramina + Dexpantenol ";;
"43192";"@brasil19489714873";"Nafazolina + Mepiramina + Pantenol";;
"288927";"@brasil10666093946";"Nafazolina + Zinco";;
"43193";"@brasil19794348355";"Nafazolina + Zinco + Berberina";;
"43026";"@brasil11274475781";"Nalbufina";;
"43027";"@brasil16550801102";"Naloxona";;
"11664";"@brasil10706060034";"Naltrexona";;
"43028";"@brasil18930578480";"Nandrolona";;
"43166";"@brasil13834763646";"Não aplicável";;
"11912";"@brasil14736908388";"Não existe ainda nenhuma associação de VTM para este VMP";;
"11665";"@brasil19030935090";"Naproxeno";;
"11666";"@brasil13036495662";"Naproxeno + Esomeprazol";;
"11667";"@brasil18089673347";"Naproxeno Sódico";;
"11668";"@brasil11338880062";"Naratriptana";;
"43029";"@brasil15000489403";"Natalizumabe";;
"11669";"@brasil12425380573";"Nateglinida";;
"288930";"@brasil19741067614";"Nateglinida + Metformina";;
"11670";"@brasil18110262990";"Nebivolol";;
"11671";"@brasil13275173541";"Nelfinavir";;
"43030";"@brasil18210711885";"Neomicina";;
"43194";"@brasil10502597465";"Neomicina + Bacitracina";;
"43032";"@brasil16052091526";"Neostigmina";;
"43033";"@brasil15628322282";"Nepafenaco";;
"288928";"@brasil10442385225";"Nesiritida";;
"11672";"@brasil12045079041";"Nevirapina";;
"11673";"@brasil10399874895";"Nicergolina";;
"43034";"@brasil19985337143";"Nicotina";;
"11674";"@brasil15864137657";"Nifedipino";;
"11675";"@brasil18121063910";"Nilotinibe";;
"11676";"@brasil13012906891";"Nimesulida";;
"11677";"@brasil10701343034";"Nimesulida Betaciclodextrina";;
"11678";"@brasil14467994806";"Nimodipino";;
"43195";"@brasil13129942567";"Nimotuzumabe";;
"551151";"@brasil13587054686";"Nintedanibe";;
"43036";"@brasil13041719181";"Nistatina";;
"43196";"@brasil14141920751";"Nistatina + Óxido de Zinco";;
"11679";"@brasil10235945236";"Nitazoxanida";;
"43038";"@brasil15252584781";"Nitrato de Prata";;
"11680";"@brasil17775742072";"Nitrazepam";;
"11681";"@brasil18170874962";"Nitrendipino";;
"43197";"@brasil11319776363";"Nitrofural";;
"11682";"@brasil17527148905";"Nitrofurantoína";;
"43040";"@brasil17137766671";"Nitroglicerina";;
"43041";"@brasil19931079324";"Nitroprusseto de Sódio";;
"288929";"@brasil10213644596";"Nivolumabe";;
"11683";"@brasil13123119950";"Nomegestrol";;
"288932";"@brasil11098820427";"Nomegestrol + Estradiol";;
"288931";"@brasil18064404592";"Nonoxinol";;
"288938";"@brasil11311553632";"Norelgestromina + Etinilestradiol";;
"43042";"@brasil18242096916";"Norepinefrina";;
"11684";"@brasil13034153340";"Noretisterona";;
"11685";"@brasil15801407158";"Norfloxacino";;
"11686";"@brasil19904576081";"Norgestimato + Etinilestradiol";;
"11687";"@brasil12118659243";"Nortriptilina";;
"288933";"@brasil11300888666";"Obinutuzumabe";;
"43043";"@brasil11417246917";"Ocitocina";;
"288934";"@brasil13207982361";"Ocriplasmina";;
"43044";"@brasil12359944145";"Octreotida";;
"288935";"@brasil12137246114";"Ofatumumabe";;
"11688";"@brasil10879568280";"Ofloxacino";;
"11689";"@brasil18041863978";"Olanzapina";;
"503112";"@brasil11673532240";"Olaparibe";;
"43045";"@brasil17547980282";"Olapatadina";;
"43046";"@brasil10660069286";"Oleato de Etanolamina";;
"503113";"@brasil19769069289";"Óleo de Cade + Alcatrão de Pinho + Alcatrão Mineral ";;
"503115";"@brasil19816542628";"Óleo de Fígado de Bacalhau + Retinol + Colecalciferol";;
"288936";"@brasil11062283795";"Óleo de Soja";;
"11690";"@brasil17570615360";"Olmesartana Medoxomila";;
"11691";"@brasil13727485176";"Olmesartana Medoxomila + Anlodipino";;
"11692";"@brasil15925580108";"Olmesartana Medoxomila + Hidroclorotiazida";;
"288937";"@brasil18899680941";"Olodaterol";;
"43047";"@brasil10656405891";"Omalizumabe";;
"288940";"@brasil15358967644";"Ombitasvir + Veruprevir + Ritonavir + Dasabuvir";;
"11693";"@brasil18445445323";"Omeprazol";;
"11694";"@brasil14450486603";"Omeprazol + Claritromicina + Amoxicilina";;
"11695";"@brasil16916097351";"Ondansetrona";;
"11696";"@brasil11229027258";"Orfenadrina + Dipirona + Cafeína";;
"503116";"@brasil17608463341";"Orfenadrina + Paracetamol + Cafeína";;
"11697";"@brasil15396844543";"Orlistate";;
"43048";"@brasil11301821908";"Ornitina";;
"11698";"@brasil13297141251";"Oseltamivir";;
"503117";"@brasil18592689127";"Osimertinibe";;
"43049";"@brasil14539892173";"Oxacilina";;
"43050";"@brasil18793995451";"Oxaliplatina";;
"43051";"@brasil10350301050";"Oxamniquina";;
"11699";"@brasil10295172938";"Oxcarbazepina";;
"288939";"@brasil19858725646";"Oxibuprocaína";;
"11700";"@brasil11584441243";"Oxibutinina";;
"11701";"@brasil17036687708";"Oxicodona";;
"43052";"@brasil15369519203";"Oxiconazol";;
"43053";"@brasil15796693176";"Óxido de Zinco";;
"503119";"@brasil14912212540";"Óxido de Zinco + Cloreto de Benzalcônio + Cânfora";;
"43055";"@brasil12874908579";"Oximetazolina";;
"11702";"@brasil10430115125";"Oximetolona";;
"288941";"@brasil17218661592";"Oxitetraciclina + Hidrocortisona";;
"288965";"@brasil16748153096";"Oxitetraciclina + Polimixina B";;
"288942";"@brasil10016405339";"Oxomemazina + Guaifenesina + Benzoato de Sódio + Paracetamol";;
"288944";"@brasil12080995413";"Oxomemazina + Guaifenesina + Paracetamol";;
"43056";"@brasil16984463674";"Paclitaxel";;
"11703";"@brasil11040512807";"Paliperidona";;
"43057";"@brasil16297592944";"Palivizumabe";;
"43058";"@brasil10534574007";"Palonosetrona";;
"43059";"@brasil13780091509";"Pamidronato Dissódico";;
"609556";"@brasil14892286996";"Pamoato de Pirvínio";;
"11704";"@brasil13912218969";"Pancreatina";;
"503120";"@brasil14146895243";"Pancreatina + Dimeticona";;
"11705";"@brasil16439556735";"Pancrelipase";;
"43060";"@brasil17296735835";"Pancurônio";;
"43061";"@brasil15143404960";"Panitumumabe";;
"11706";"@brasil10461127077";"Pantoprazol";;
"43062";"@brasil13826817602";"Papaína";;
"288943";"@brasil18426042223";"Papaverina";;
"288945";"@brasil15126850701";"Papaverina + Dipirona + Atropa belladona";;
"11707";"@brasil12986965488";"Paracetamol";;
"11708";"@brasil13551446518";"Paracetamol + Amitriptilina + Ciclobenzaprina + Meloxicam";;
"11709";"@brasil18796336433";"Paracetamol + Amitriptilina + Meloxicam";;
"288946";"@brasil19391267576";"Paracetamol + Cafeína";;
"288947";"@brasil11575786089";"Paracetamol + Carbinoxamina";;
"11710";"@brasil13327342925";"Paracetamol + Carisoprodol + Cafeína";;
"11711";"@brasil10247705633";"Paracetamol + Carisoprodol + Fenilbutazona";;
"11712";"@brasil11256499700";"Paracetamol + Clorfeniramina + Fenilefrina";;
"11713";"@brasil15539381908";"Paracetamol + Codeína";;
"11714";"@brasil13927410750";"Paracetamol + Famotidina + Tramadol";;
"288948";"@brasil19705128024";"Paracetamol + Fenilefrina + Carbinoxamina";;
"11715";"@brasil13018908334";"Paracetamol + Meloxicam + Ciclobenzaprina";;
"288949";"@brasil13798282167";"Paracetamol + Pentoxiverina + Fenilefrina + Carbinoxamina";;
"288950";"@brasil19876027067";"Paracetamol + Pseudoefedrina";;
"288955";"@brasil11315585579";"Parafina + Psyllium plantago";;
"43063";"@brasil13703873438";"Parecoxibe";;
"43064";"@brasil17038914696";"Paricalcitol";;
"11716";"@brasil13312309730";"Paroxetina";;
"503122";"@brasil17548509096";"Pasireotida";;
"11717";"@brasil17504823958";"Passiflora incarnata";;
"11718";"@brasil17587190909";"Passiflora incarnata + Crataegus oxyacantha + Salix alba";;
"11719";"@brasil15421482980";"Pazopanibe";;
"288951";"@brasil17985289149";"Pegfilgrastim";;
"43065";"@brasil14082953475";"Pegvisomanto";;
"43199";"@brasil16906270575";"Pelargonium sidoides";;
"503124";"@brasil16099618425";"Pembrolizumabe";;
"43067";"@brasil19298023597";"Pemetrexede";;
"288952";"@brasil10298364850";"Penciclovir";;
"11720";"@brasil14345842481";"Penfluridol";;
"11721";"@brasil15464763775";"Penicilamina";;
"43068";"@brasil14241257871";"Pentamidina";;
"11722";"@brasil14286291741";"Pentoxifilina";;
"288953";"@brasil17535957112";"Perampanel";;
"11723";"@brasil15037167690";"Pergolida";;
"11724";"@brasil12326963535";"Periciazina";;
"288954";"@brasil16784691321";"Perindopril Arginina";;
"551316";"@brasil14274649948";"Perindopril Arginina + Anlodipino";;
"11725";"@brasil16523314914";"Perindopril Erbumina";;
"11726";"@brasil15635684275";"Perindopril Erbumina + Indapamida";;
"11727";"@brasil18608476944";"Permanganato de Potássio";;
"43069";"@brasil13312218870";"Permetrina";;
"43070";"@brasil13837321048";"Peróxido de Benzoíla";;
"288956";"@brasil16223854240";"Peróxido de Benzoíla + Enxofre";;
"503125";"@brasil11251005195";"Peróxido de Carbamida";;
"43071";"@brasil19249948940";"Peróxido de Hidrogênio";;
"503126";"@brasil17956171004";"Peróxido de Uréia ";;
"43072";"@brasil14737781866";"Pertuzumabe";;
"11728";"@brasil16135332206";"Petasites hybridus";;
"43073";"@brasil15939062819";"Petidina";;
"43074";"@brasil15481968805";"Picossulfato de Sódio";;
"288957";"@brasil17172514773";"Picossulfato de Sódio + Óleo Mineral + Ágar-Ágar";;
"288961";"@brasil19760121775";"Picossulfato de Sódio + Óxido de Magnésio + Ácido Cítrico";;
"43200";"@brasil12011993574";"Pidolato de Magnésio";;
"43076";"@brasil19592655876";"Pilocarpina";;
"43077";"@brasil11517373277";"Pimecrolimo";;
"43201";"@brasil19341156452";"Pimetixeno";;
"11729";"@brasil14851230507";"Pimozida";;
"11731";"@brasil14697089905";"Pindolol";;
"11732";"@brasil15934981167";"Pindolol + Clopamida";;
"11733";"@brasil15583636429";"Pinus pinaster";;
"11734";"@brasil10113238952";"Pioglitazona";;
"11735";"@brasil13815285779";"Piper methysticum (Kava-Kava)";;
"43079";"@brasil18808899062";"Piperacilina + Tazobactam";;
"43080";"@brasil19492375792";"Piperazina";;
"43202";"@brasil10669801849";"Piperidolato + Hesperidina + Ácido Ascórbico";;
"43082";"@brasil11035182084";"Pipotiazina";;
"11736";"@brasil18736712352";"Piracetam";;
"412569";"@brasil17515862505";"Piracetam + Cinarizina";;
"11737";"@brasil12237704732";"Piracetam + Di-hidroergocristina";;
"11738";"@brasil14978386911";"Pirazinamida";;
"503127";"@brasil16027839746";"Pirenoxina Sódica";;
"288958";"@brasil17191011454";"Piretanida";;
"288959";"@brasil14437513260";"Pirfenidona";;
"11739";"@brasil18178820671";"Piribedil";;
"11740";"@brasil15958942933";"Piridostigmina";;
"11741";"@brasil15258252959";"Piridoxina";;
"503128";"@brasil16270686029";"Piridoxina + Raceometionina ";;
"11742";"@brasil18414436305";"Pirimetamina";;
"11743";"@brasil16297422959";"Piroxicam";;
"288960";"@brasil10614532250";"Piroxicam betaciclodextrina";;
"11744";"@brasil16243806187";"Pitavastatina";;
"11745";"@brasil12326762369";"Pizotifeno";;
"43083";"@brasil16698783351";"Plerixafor";;
"43084";"@brasil10388370816";"Podofilina";;
"43085";"@brasil11845504334";"Podofilotoxina";;
"11746";"@brasil12902393593";"Policarbofila";;
"43203";"@brasil15325540195";"Policresuleno";;
"43204";"@brasil14618295741";"Policresuleno + Cinchocaína";;
"503129";"@brasil13269911214";"Polidocanol + Lidocaína + Tintura Camomila ";;
"43088";"@brasil18062409531";"Poliestirenossulfonato de Cálcio";;
"65379";"@brasil14950845319";"Polietilenoglicol + Propilenoglicol";;
"43089";"@brasil14775534964";"Polimixina B";;
"288962";"@brasil16957012438";"Polimixina B + Lidocaína";;
"288963";"@brasil15504697173";"Polimixina B + Neomicina + Bacitracina + Óxido de Zinco";;
"288964";"@brasil16652448861";"Polimixina B + Neomicina + Fludrocortisona + Lidocaína";;
"65380";"@brasil12145396341";"Polimixina B + Neomicina + Fluocinolona + Lidocaína";;
"43090";"@brasil19690446534";"Polimixina B + Neomicina + Hidrocortisona";;
"288966";"@brasil13783419208";"Polimixina B + Prednisolona + Benzocaína + Clioquinol";;
"288968";"@brasil12012927989";"Polimixina B + Prednisolona + Neomicina";;
"503131";"@brasil17877758132";"Polipeptídeo Dialisável de Extrato de Leucócito";;
"43205";"@brasil17114858427";"Polissulfato de Mucopolissacarídeo";;
"11747";"@brasil17531681168";"Polypodium leucotomos";;
"43092";"@brasil14125628091";"Posaconazol";;
"503132";"@brasil16776296091";"Povidona";;
"11748";"@brasil18951225371";"Pramipexol";;
"11749";"@brasil12161083659";"Prasugrel";;
"11750";"@brasil13951742493";"Pravastatina";;
"11751";"@brasil13275461794";"Praziquantel";;
"288967";"@brasil18672637060";"Prednicarbato";;
"11752";"@brasil14522081802";"Prednisolona";;
"65381";"@brasil15874446056";"Prednisona";;
"11753";"@brasil12784023938";"Pregabalina";;
"43093";"@brasil11556801162";"Prilocaína + Felipressina";;
"11754";"@brasil10353874591";"Primaquina";;
"11755";"@brasil13417301449";"Primidona";;
"11756";"@brasil16024883784";"Progesterona";;
"11757";"@brasil19872514882";"Promestrieno";;
"11758";"@brasil11287923371";"Prometazina";;
"609554";"@brasil15121535401";"Prometazina + Sulfoguaiacol";;
"65382";"@brasil12936041570";"Prometazina + Sulfoguaiacol de Potássio";;
"11759";"@brasil16822072514";"Propafenona";;
"11760";"@brasil10246592768";"Propatilnitrato";;
"288969";"@brasil14046729069";"Propifenazona + Paracetamol + Cafeína";;
"11761";"@brasil10766746606";"Propiltiouracila";;
"288970";"@brasil14194861690";"Propionato de Testosterona + Fempropionato de Testosterona + Isocaproato de Testosterona + Decanoato de Testosterona";;
"43094";"@brasil15407121846";"Propofol";;
"11762";"@brasil13093955034";"Propranolol";;
"11763";"@brasil13169535660";"Propranolol + Hidroclorotiazida";;
"43095";"@brasil12365206052";"Protamina";;
"43096";"@brasil15604665031";"Proximetacaína";;
"11764";"@brasil16565813510";"Prucaloprida";;
"288971";"@brasil18834121550";"Pseudoefedrina + Triprolidina + Sulfaguaiacolato de Potássio";;
"288973";"@brasil11427750615";"Quelato de Ferro + Ácido Fólico + Cianocobalamina";;
"11765";"@brasil13320460880";"Quetiapina";;
"11766";"@brasil16904864176";"Rabeprazol";;
"288972";"@brasil11586022992";"Racealfatocoferol";;
"11767";"@brasil14562938551";"Racecadotrila";;
"288981";"@brasil17538319300";"Racemetionina + Cloreto de Colina + Inositol + Cianobobalamina";;
"11768";"@brasil12100100536";"Raloxifeno";;
"11769";"@brasil16811687336";"Raltegravir";;
"11770";"@brasil17758135381";"Ramipril";;
"11281";"@brasil17187239514";"Ramipril + Anlodipino";;
"11772";"@brasil18503670214";"Ramipril + Hidroclorotiazida";;
"288974";"@brasil12380684410";"Ramucirumabe";;
"11773";"@brasil17451505750";"Ranelato de Estrôncio";;
"43097";"@brasil10927707310";"Ranibizumabe";;
"11774";"@brasil11746518416";"Ranitidina";;
"288975";"@brasil17620170512";"Ranolazina";;
"288976";"@brasil10958799645";"Rasagilina";;
"288977";"@brasil11933486993";"Rasburicase";;
"288978";"@brasil16791036338";"Reboxetina";;
"288979";"@brasil18154721023";"Regorafenibe";;
"43098";"@brasil17824541764";"Remifentanila";;
"11775";"@brasil16378075140";"Repaglinida";;
"288980";"@brasil10400496413";"Retapamulina";;
"43099";"@brasil16339587200";"Retinol";;
"288982";"@brasil16490107574";"Retinol + Ácido Ascórbico + Dextroalfatocoferol";;
"65384";"@brasil16476225550";"Retinol + Colecalciferol";;
"288983";"@brasil19835580277";"Retinol + Colecalciferol + Óxido de Zinco";;
"288984";"@brasil19707578977";"Retinol + Colecalciferol + Óxido de Zinco + Óldeo de Fígado de Bacalhau";;
"65383";"@brasil17056869990";"Retinol + Colecalciferol + Racealfatocoferol";;
"288990";"@brasil13632435735";"Retinol + Colecalciferol + Racealfatocoferol + Alantoína";;
"288985";"@brasil19031154361";"Retinol + Piridoxina + Colecalciferol";;
"43206";"@brasil11719405223";"Retinol + Piridoxina + Racealfatocoferol";;
"11776";"@brasil16650820760";"Rhamnus purshiana";;
"11777";"@brasil14119878693";"Ribavirina";;
"11778";"@brasil10646931491";"Riboflavina";;
"11779";"@brasil10875021684";"Rifabutina";;
"43207";"@brasil17252451139";"Rifamicina SV Sódica";;
"11780";"@brasil12434314257";"Rifampicina";;
"11781";"@brasil19546506542";"Rifampicina + Isoniazida + Pirazinamida + Etambutol";;
"11782";"@brasil10429590250";"Rilmenidina";;
"11783";"@brasil13508431932";"Riluzol";;
"288986";"@brasil16033035185";"Riociguate";;
"11784";"@brasil16253389217";"Risedronato Sódico";;
"11785";"@brasil10741650601";"Risperidona";;
"11786";"@brasil14948085661";"Ritonavir";;
"43102";"@brasil18224311020";"Rituximabe";;
"11787";"@brasil12515476812";"Rivaroxabana";;
"11788";"@brasil17733127387";"Rivastigmina";;
"11789";"@brasil11119206808";"Rizatriptana";;
"43103";"@brasil12102793809";"Rocurônio";;
"11790";"@brasil12396652187";"Roflumilaste";;
"43104";"@brasil15841036293";"Romiplostim";;
"43105";"@brasil12896800349";"Ropivacaína";;
"43208";"@brasil11104040341";"Rosmarinus officinalis (Alecrim)";;
"11791";"@brasil18625640819";"Rosuvastatina";;
"288987";"@brasil13071713151";"Rotigotina";;
"11792";"@brasil15938247846";"Rupatadina";;
"288988";"@brasil17259460506";"Rutosídeo";;
"288989";"@brasil17082163389";"Ruxolitinibe";;
"11793";"@brasil13814317083";"Saccharomyces boulardii";;
"65385";"@brasil11210518088";"Saccharomyces cerevisiae";;
"11794";"@brasil11256842184";"Salbutamol";;
"288991";"@brasil16915688817";"Salbutamol + Guaifenesina";;
"11795";"@brasil14841259981";"Salicilato de Bismuto Monobásico";;
"288992";"@brasil13681137191";"Salicilato de Metila + Cânfora + Mentol";;
"288993";"@brasil17658619811";"Salicilato de Metila + Levomentol";;
"288994";"@brasil17249687794";"Salicilato de Metila + Mentol";;
"288998";"@brasil12415699475";"Salicilato de Metila + Terebintina + Cânfora + Mentol";;
"43107";"@brasil16960893175";"Salmeterol";;
"11796";"@brasil10435773664";"Sapropterina";;
"11797";"@brasil17655088683";"Saquinavir";;
"11798";"@brasil16968122734";"Saxagliptina";;
"11799";"@brasil11875347933";"Saxagliptina + Metformina";;
"43209";"@brasil13762848593";"Schinus terebenthifolius";;
"11800";"@brasil18472371768";"Secnidazol";;
"288995";"@brasil13272579844";"Secuquinumabe";;
"11801";"@brasil16735815354";"Selegina";;
"11802";"@brasil18261961775";"Senna alexandrina";;
"11803";"@brasil11102363122";"Sertralina";;
"43109";"@brasil16114065138";"Sevoflurano";;
"11804";"@brasil10725930593";"Sibutramina";;
"11805";"@brasil10322563908";"Sildenafila";;
"11806";"@brasil19435028068";"Silimarina";;
"43210";"@brasil15502122253";"Silimarina + Metionina";;
"288996";"@brasil14613836149";"Silodosina";;
"288997";"@brasil13251441523";"Siltuximabe";;
"11807";"@brasil16207448928";"Silybum marianum";;
"11808";"@brasil12732160744";"Silybum marianum (L.) Gaertn. ";;
"11809";"@brasil15038457245";"Simeprevir";;
"11810";"@brasil16995804305";"Simeticona";;
"43211";"@brasil16222065793";"Simeticona + Homatropina";;
"11811";"@brasil19863650098";"Sinvastatina";;
"43112";"@brasil19687646476";"Sirolimo";;
"11812";"@brasil18330837885";"Sitagliptina";;
"11813";"@brasil12063239441";"Sitagliptina + Metformina";;
"11814";"@brasil15323683855";"Sofosbuvir";;
"11815";"@brasil10428701266";"Solifenacina";;
"289003";"@brasil12112491923";"Solifenacina + Tansulosina";;
"43113";"@brasil10096037275";"Somatostatina";;
"43114";"@brasil11417247252";"Somatropina";;
"11816";"@brasil16172455069";"Sorafenibe";;
"288999";"@brasil12324173116";"Sorbitol";;
"65386";"@brasil16623914097";"Sorbitol + Laurilsulfato de Sódio";;
"42997";"@brasil10082767716";"Sorbitol + Manitol";;
"11817";"@brasil19576171857";"Sotalol";;
"43212";"@brasil14603962519";"Stryphnodendron barbatiman";;
"289000";"@brasil14373767462";"Subcitrato de Bismuto Coloidal";;
"43213";"@brasil14353615523";"Subgalato de Bismuto + Óxido de Zinco";;
"503133";"@brasil10248206368";"Subgalato de Bismuto + Timol + Óxido de Zinco";;
"289001";"@brasil14896318272";"Succinato Sódico de Hidrocortisona";;
"43117";"@brasil16798124746";"Succinato Sódico de Metilprednisolona";;
"289002";"@brasil11360289286";"Succinilgelatina";;
"11818";"@brasil19363494391";"Sucralfato";;
"43118";"@brasil19738882284";"Sufentanila";;
"43119";"@brasil18300037492";"Sugamadex";;
"43120";"@brasil12283540918";"Sulbutiamina";;
"43214";"@brasil17956190366";"Sulfacetamida + Trietanolamina";;
"289004";"@brasil16481592063";"Sulfacetamida + Trolamina";;
"11819";"@brasil18088956695";"Sulfadiazina";;
"43122";"@brasil16517592421";"Sulfadiazina de Prata";;
"43123";"@brasil15737339662";"Sulfadiazina de Prata + Nitrato de Cério";;
"11820";"@brasil12354300609";"Sulfametoxazol + Trimetoprima";;
"289006";"@brasil10907648410";"Sulfametoxazol + Trimetoprima + Fenazopiridina";;
"11821";"@brasil17504633269";"Sulfassalazina";;
"790547";"@brasil188062502";"Sulfato de Abacavir";;"10375 - sulfato de abacavir"
"11822";"@brasil10460264831";"Sulfato de Glicosamina + Sulfato de Condroitina";;
"43124";"@brasil19133921356";"Sulfato de Magnésio";;
"11823";"@brasil19787424651";"Sulfato de Quinina";;
"289005";"@brasil16070484858";"Sulfato de Zinco";;
"289007";"@brasil16326787783";"Sulfato de Zinco + Sulfato Cúprico + Sulfato de Manganês + Cloreto Crômico";;
"11824";"@brasil17556329076";"Sulfato Ferroso";;
"289011";"@brasil18976444589";"Sulfato Ferroso + Ácido Fosfórico";;
"289008";"@brasil18910993995";"Sulfeto de Selênio";;
"289009";"@brasil15574606940";"Sulfiram";;
"11825";"@brasil18419371737";"Sulpirida";;
"11826";"@brasil19427871766";"Sulpirida + Bromazepam";;
"289010";"@brasil11140053020";"Sultamicilina";;
"11827";"@brasil11881243931";"Sultiamo";;
"11828";"@brasil11122604664";"Sumatriptana";;
"289014";"@brasil17518745377";"Sumatriptana + Naproxeno Sódico";;
"11829";"@brasil19969291833";"Sunitinibe";;
"43125";"@brasil18457588103";"Suxametônio";;
"11830";"@brasil16478645489";"Tacrolimo";;
"11831";"@brasil12485352252";"Tadalafila";;
"503134";"@brasil10912143876";"Tafamidis";;
"43126";"@brasil14886176756";"Tafluprosta";;
"11832";"@brasil12990825103";"Talidomida";;
"11833";"@brasil17498069066";"Tamoxifeno";;
"11834";"@brasil18517870331";"Tansulosina";;
"289012";"@brasil11462064199";"Tapentadol";;
"11835";"@brasil10095144770";"Teclozana";;
"11836";"@brasil14922113160";"Tegaserode";;
"43127";"@brasil19058119782";"Teicoplanina";;
"11837";"@brasil14325131804";"Telaprevir";;
"11838";"@brasil16859319848";"Telmisartana";;
"11839";"@brasil11321204137";"Telmisartana + Anlodipino";;
"11840";"@brasil16028061447";"Telmisartana + Hidroclorotiazida";;
"11841";"@brasil16176695138";"Temozolomida";;
"43128";"@brasil10632068952";"Tenecteplase";;
"289013";"@brasil10380987533";"Teniposídeo";;
"11842";"@brasil12799291658";"Tenofovir";;
"11843";"@brasil15466373184";"Tenofovir + Lamivudina";;
"11844";"@brasil18933991256";"Tenofovir + Lamivudina + Efavirenz";;
"11845";"@brasil18270837037";"Tenoxicam";;
"43129";"@brasil15985985718";"Tensirolimo";;
"11846";"@brasil14552211727";"Teofilina";;
"289015";"@brasil16450764597";"Teofilina + Efedrina";;
"11847";"@brasil17948547830";"Terbinafina";;
"43130";"@brasil18033722048";"Terbutalina";;
"289022";"@brasil19791214780";"Terbutalina + Guaifenesina";;
"43131";"@brasil12210653397";"Terconazol";;
"289016";"@brasil19697587161";"Teriflunomida";;
"43132";"@brasil16952101145";"Teriparatida";;
"11848";"@brasil16086104283";"Terizidona";;
"503135";"@brasil13816100584";"Terlipressina";;
"289017";"@brasil19135642328";"Testosterona";;
"289018";"@brasil16585450465";"Tetaepoetina";;
"11849";"@brasil16584878233";"Tetraciclina";;
"65360";"@brasil12405370372";"Tetraciclina + Anfotericina B";;
"11850";"@brasil14666078624";"Tiabendazol";;
"503136";"@brasil16344071602";"Tiabendazol + Neomicina";;
"11851";"@brasil13575758731";"Tiamazol";;
"11852";"@brasil13880558090";"Tiamina";;
"43215";"@brasil16720105572";"Tianeptina";;
"11853";"@brasil18675514568";"Tianfenicol";;
"11854";"@brasil11735898880";"Tibolona";;
"11855";"@brasil12652951005";"Ticagrelor";;
"43134";"@brasil18128545848";"Ticarcilina + Ácido Clavulânico";;
"11856";"@brasil18057058692";"Ticlopidina";;
"43135";"@brasil19786426115";"Tigeciclina";;
"43136";"@brasil14546493341";"Timolol";;
"11857";"@brasil12326440756";"Timomodulina";;
"289019";"@brasil15520325651";"Timostimulina";;
"11858";"@brasil17461028011";"Tinidazol";;
"43216";"@brasil19731957072";"Tinidazol + Miconazol";;
"11859";"@brasil10325818098";"Tiocolchicosídeo";;
"43138";"@brasil13373188666";"Tioconazol";;
"43217";"@brasil18499468952";"Tioconazol + Tinidazol";;
"289020";"@brasil17845277167";"Tioguanina";;
"43140";"@brasil13226463619";"Tiopental";;
"11860";"@brasil19246006763";"Tioridazina";;
"11861";"@brasil15252579835";"Tiotrópio";;
"11862";"@brasil18524879195";"Tipranavir";;
"289021";"@brasil12665409195";"Tirofibana";;
"289025";"@brasil14248405958";"Tirotricina + Hidroxiquinolina";;
"609560";"@brasil16302524772";"Tirotricina + Hidroxiquinolina + Benzocaína";;
"503137";"@brasil10272056571";"Tirotricina + Hidroxiquinolina + Fluoreto de Sódio ";;
"503138";"@brasil12328068354";"Tirotricina + Lidocaína + Quinosol ";;
"11863";"@brasil16866656779";"Tizanidina";;
"43141";"@brasil16012752404";"Tobramicina";;
"43142";"@brasil10384371475";"Tobramicina + Dexametasona";;
"43143";"@brasil13883600470";"Tocilizumabe";;
"289024";"@brasil15425589106";"Tofacitinibe";;
"11864";"@brasil18758646619";"Tolcapona";;
"11865";"@brasil13193263068";"Tolterodina";;
"11866";"@brasil19690375791";"Topiramato";;
"43144";"@brasil18264888232";"Topotecana";;
"43145";"@brasil19673640064";"Toxina Botulínica do Tipo A";;
"11867";"@brasil18872090062";"Tramadol";;
"11868";"@brasil15289323249";"Tramadol + Paracetamol";;
"503140";"@brasil17136657075";"Trametinibe";;
"11869";"@brasil19830346366";"Tranilcipromina";;
"43146";"@brasil13573535934";"Trastuzumabe";;
"43147";"@brasil18846759783";"Travoprosta";;
"43148";"@brasil13513191428";"Travoprosta + Timolol";;
"11870";"@brasil13283762393";"Trazodona";;
"11871";"@brasil16927773174";"Tretinoína";;
"289026";"@brasil14965262779";"Tretinoína + Clindamicina";;
"289029";"@brasil11305179447";"Triancinolona + Neomicina + Gramicidina + Nistatina";;
"43149";"@brasil11025678096";"Triancinolona Acetonida";;
"289027";"@brasil12081096331";"Triancinolona Hexacetonida";;
"289028";"@brasil15509693626";"Tribenosídeo";;
"289030";"@brasil19996816662";"Tribenosídeo + Lidocaína";;
"43150";"@brasil14588816504";"Triclosana";;
"11872";"@brasil14787579004";"Triexifenidil";;
"11873";"@brasil13154575807";"Trifluoperazina";;
"11874";"@brasil11410142332";"Triflusal";;
"11875";"@brasil17586984546";"Trifolium pratense";;
"11876";"@brasil13704496046";"Trimebutina";;
"11877";"@brasil15761526901";"Trimetazidina";;
"42733";"@brasil11827813992";"Trióxido de Arsênio";;
"11878";"@brasil17694146675";"Trioxisaleno";;
"289033";"@brasil13555748194";"Triprolidina + Pseudoefedrina";;
"43151";"@brasil19867048540";"Triptorrelina";;
"609561";"@brasil17383762705";"Trombina + Fibrinogênio";;
"11879";"@brasil11186152985";"Trometamol Cetorolaco";;
"43152";"@brasil15568793503";"Tropicamida";;
"11880";"@brasil12848325205";"Ubidecarenona";;
"289031";"@brasil16068545285";"Udenafila";;
"503141";"@brasil13210768589";"Ulipristal";;
"11881";"@brasil10683167380";"Uncaria tomentosa";;
"43153";"@brasil18242822202";"Undecanoato de Testosterona";;
"43154";"@brasil14507730810";"Ureia";;
"43218";"@brasil13301473857";"Ureia + Ácido Salicílico";;
"289032";"@brasil10352276749";"Urofolitropina";;
"43156";"@brasil17810187755";"Ustequinumabe";;
"11882";"@brasil14870861594";"Vaccinium macrocarpon (Cranberry)";;
"790563";"@brasil4728093414";"Vacina adsorvida difteria e tétano adulto";;"443444 - vacina adsorvida difteria e tétano adulto"
"790556";"@brasil0601300057";"Vacina Adsorvida Difteria, Tétano e Pertussis";;"443446 - vacina adsorvida difteria, tétano e pertussis"
"790557";"@brasil4302151451";"Vacina Adsorvida Difteria, Tétano e Pertussis (Acelular)";;"443447 - vacina adsorvida difteria, tétano e pertussis (acelular)"
"790558";"@brasil1587591991";"Vacina Bcg";;"443463 - vacina bcg"
"790555";"@brasil8970625262";"Vacina febre amarela";"VFA";"443467 - vacina febre amarela (atenuada)"
"790559";"@brasil3698268204";"Vacina Febre Tifóide (Atenuada)";;"443468 - vacina febre tifoide (atenuada)"
"790560";"@brasil9776777851";"Vacina Febre Tifóide (Polissacarídica)";;"443469 - vacina febre tifoide (polissacarídica)"
"790561";"@brasil3258395871";"Vacina Hepatite B (Recombinante)";;"443472 - vacina hepatite b (recombinante)"
"790565";"@brasil4769087513";"Vacina Humana Contra Difteria, Tétano e Pertussis + Haemophilus Influenzae Tipo B";;"443455 - vacina adsorvida difteria, tétano, pertussis e haemophilus influenzae b (conjugada)"
"790566";"@brasil6934457821";"Vacina Humana Contra Hepatite A, Adsorvida e Inativada";;"443458 - vacina adsorvida hepatite a (inativada)"
"790562";"@brasil3984469245";"Vacina Humana, Adsorvida, Difteria, Tétano, Pertussis + Hepatite B + Haemophilus Influenzae Tipo B";;"443457 - vacina adsorvida difteria, tétano, pertussis, hepatite b (recombinante) e haemophilus influenzae b (conjugada)"
"790564";"@brasil6799686094";"Vacina Humana, Anti-hpv (Papiloma Vírus), Tetravalente";;"443491 - vacina papilomavírus humano 6, 11, 16 e 18 (recombinante)"
"790567";"@brasil4854167140";"Vacina Papilomavírus Humano 16 e 18 (recombinante)";;"443490 - vacina papilomavírus humano 16 e 18 (recombinante)"
"11883";"@brasil12304806142";"Valaciclovir";;
"11884";"@brasil16911446233";"Valerato de Estradiol + Dienogeste";;
"11885";"@brasil17642813050";"Valeriana officinalis";;
"11886";"@brasil17479726863";"Valeriana officinalis + Humulus lupulus";;
"11887";"@brasil14470195474";"Valganciclovir";;
"11888";"@brasil19911797091";"Valproato de Sódio";;
"11889";"@brasil16148399342";"Valsartana";;
"11890";"@brasil11006605746";"Valsartana +  Hidroclorotiazida";;
"11891";"@brasil16587831009";"Valsartana +  Hidroclorotiazida + Anlodipino";;
"11282";"@brasil18001287855";"Valsartana + Anlodipino";;
"43157";"@brasil15527746653";"Vancomicina";;
"289034";"@brasil16721911034";"Vandetanibe";;
"11892";"@brasil19919338121";"Vardenafila";;
"11893";"@brasil19833197889";"Vareniclina";;
"11894";"@brasil19407975391";"Varfarina";;
"412570";"@brasil10208180601";"Varfarina";;
"11895";"@brasil17540283599";"Varfarina Sódica";;
"43158";"@brasil14208170308";"Vasopressina";;
"289035";"@brasil12942310899";"Vecurônio";;
"289036";"@brasil14545821699";"Vedolizumabe";;
"11896";"@brasil19477492130";"Vemurafenibe";;
"11897";"@brasil14766610165";"Venlafaxina";;
"11898";"@brasil15400574741";"Verapamil";;
"289037";"@brasil13902176108";"Verteporfina";;
"11899";"@brasil12703043521";"Vigabatrina";;
"11900";"@brasil17313493690";"Vildagliptina";;
"11901";"@brasil18458338199";"Vildagliptina + Metformina";;
"43159";"@brasil14457611891";"Vimblastina";;
"43219";"@brasil11008962737";"Viminol";;
"11902";"@brasil10351210235";"Vimpocetina";;
"43161";"@brasil19663548839";"Vincristina";;
"289038";"@brasil15873415753";"Vinflunina";;
"11903";"@brasil16381036885";"Vinorelbina";;
"790529";"@brasil17171412469";"Violeta de Genciana";;
"503142";"@brasil14643872029";"Vismodegibe";;
"790524";"@brasil17957204492";"Vitaminas do Complexo B (B1, B2, B3, B5, B6)";;
"790525";"@brasil14462040721";"Vitaminas do Complexo B (B1, B2, B3, B6, B12)";;
"790527";"@brasil18806830324";"Vitaminas do Complexo B (B1, B2, B6, B12 e PP)";;
"790526";"@brasil18438590435";"Vitaminas do Complexo B (B1, B6, B12)";;
"790528";"@brasil18718380626";"Vitaminas do Complexo B (B7, B9, B12)";;
"43220";"@brasil15140392420";"Vitelinato de Prata";;
"11904";"@brasil10851554032";"Vitis Vinifera";;
"11905";"@brasil15114659809";"Voriconazol";;
"412566";"@brasil14423221445";"Vortioxetina";;
"43221";"@brasil12675074200";"Xilazina";;
"289039";"@brasil17660550750";"Xilometazolina";;
"289040";"@brasil10682506802";"Zafirlucaste";;
"43164";"@brasil14944908836";"Zanamivir";;
"11906";"@brasil13018637263";"Zidovudina";;
"11907";"@brasil19749207196";"Zidovudina + Lamivudina";;
"11908";"@brasil19690124502";"Ziprasidona";;
"289041";"@brasil10430882069";"Zolmitriptana";;
"11909";"@brasil19203001230";"Zolpidem";;
"11910";"@brasil16944632954";"Zopiclona";;
"11911";"@brasil17114161388";"Zuclopentixol";;
