"external_id","retired","map_type","source","owner","owner_type","from_concept_code","from_concept_name","from_concept_url","to_concept_code","to_concept_name","to_concept_url","from_source_owner","from_source_owner_type","from_source_url","from_source_name","to_source_owner","to_source_owner_type","to_source_url","to_source_name","url","version","id","versioned_object_id","versioned_object_url","is_latest_version","update_comment","version_url","uuid","version_created_on","from_source_version","to_source_version","from_concept_name_resolved","to_concept_name_resolved","type","sort_weight"
"null","false","NARROWER-THAN","brimunobiologico","MS","Organization","87","null","/orgs/MS/sources/brimunobiologico/concepts/87/","1162643001","null","/orgs/SNOMED/sources/sct/concepts/1162643001/","MS","Organization","/orgs/MS/sources/brimunobiologico/","brimunobiologico","SNOMED","Organization","/orgs/SNOMED/sources/sct/","sct","/orgs/MS/sources/brimunobiologico/mappings/194/","512","194","512","/orgs/MS/sources/brimunobiologico/mappings/194/","false","null","/orgs/MS/sources/brimunobiologico/mappings/194/619/","512","2023-04-04T19:39:27.341046Z","null","null","COVID-19 PFIZER - COMIRNATY","Vaccine product containing only severe acute respiratory syndrome coronavirus 2 recombinant spike protein antigen (medicinal product)","Mapping","null"
"null","false","NARROWER-THAN","brimunobiologico","MS","Organization","99","null","/orgs/MS/sources/brimunobiologico/concepts/99/","1162643001","null","/orgs/SNOMED/sources/sct/concepts/1162643001/","MS","Organization","/orgs/MS/sources/brimunobiologico/","brimunobiologico","SNOMED","Organization","/orgs/SNOMED/sources/sct/","sct","/orgs/MS/sources/brimunobiologico/mappings/202/","528","202","528","/orgs/MS/sources/brimunobiologico/mappings/202/","false","null","/orgs/MS/sources/brimunobiologico/mappings/202/618/","528","2023-04-04T19:39:33.337483Z","null","null","COVID-19 PFIZER - COMIRNATY PEDIÁTRICA","Vaccine product containing only severe acute respiratory syndrome coronavirus 2 recombinant spike protein antigen (medicinal product)","Mapping","null"
"null","false","NARROWER-THAN","brimunobiologico","MS","Organization","102","null","/orgs/MS/sources/brimunobiologico/concepts/102/","1162643001","null","/orgs/SNOMED/sources/sct/concepts/1162643001/","MS","Organization","/orgs/MS/sources/brimunobiologico/","brimunobiologico","SNOMED","Organization","/orgs/SNOMED/sources/sct/","sct","/orgs/MS/sources/brimunobiologico/mappings/203/","530","203","530","/orgs/MS/sources/brimunobiologico/mappings/203/","false","null","/orgs/MS/sources/brimunobiologico/mappings/203/617/","530","2023-04-04T19:39:34.055043Z","null","null","COVID-19 PFIZER - COMIRNATY PEDIÁTRICA MENOR DE 5 ANOS","Vaccine product containing only severe acute respiratory syndrome coronavirus 2 recombinant spike protein antigen (medicinal product)","Mapping","null"
"null","false","NARROWER-THAN","brimunobiologico","MS","Organization","103","null","/orgs/MS/sources/brimunobiologico/concepts/103/","1162643001","null","/orgs/SNOMED/sources/sct/concepts/1162643001/","MS","Organization","/orgs/MS/sources/brimunobiologico/","brimunobiologico","SNOMED","Organization","/orgs/SNOMED/sources/sct/","sct","/orgs/MS/sources/brimunobiologico/mappings/204/","532","204","532","/orgs/MS/sources/brimunobiologico/mappings/204/","false","null","/orgs/MS/sources/brimunobiologico/mappings/204/616/","532","2023-04-04T19:39:34.777802Z","null","null","COVID-19 PFIZER - COMIRNATY BIVALENTE","Vaccine product containing only severe acute respiratory syndrome coronavirus 2 recombinant spike protein antigen (medicinal product)","Mapping","null"
"null","false","SAME-AS","brimunobiologico","MS","Organization","70","null","/orgs/MS/sources/brimunobiologico/concepts/70/","871765008","null","/orgs/SNOMED/sources/sct/concepts/871765008/","MS","Organization","/orgs/MS/sources/brimunobiologico/","brimunobiologico","SNOMED","Organization","/orgs/SNOMED/sources/sct/","sct","/orgs/MS/sources/brimunobiologico/mappings/205/","570","205","570","/orgs/MS/sources/brimunobiologico/mappings/205/","false","null","/orgs/MS/sources/brimunobiologico/mappings/205/571/","570","2023-04-04T19:56:42.584023Z","null","null","Sarampo","Vaccine product containing only Measles morbillivirus antigen (medicinal product)","Mapping","null"
"null","false","NARROWER-THAN","brimunobiologico","MS","Organization","98","null","/orgs/MS/sources/brimunobiologico/concepts/98/","28531000087107","null","/orgs/SNOMED/sources/sct/concepts/28531000087107/","MS","Organization","/orgs/MS/sources/brimunobiologico/","brimunobiologico","SNOMED","Organization","/orgs/SNOMED/sources/sct/","sct","/orgs/MS/sources/brimunobiologico/mappings/201/","526","201","526","/orgs/MS/sources/brimunobiologico/mappings/201/","false","null","/orgs/MS/sources/brimunobiologico/mappings/201/527/","526","2023-04-04T19:39:32.618665Z","null","null","COVID-19 SINOVAC - CORONAVAC","Vaccine product against severe acute respiratory syndrome coronavirus 2 (medicinal product)","Mapping","null"
"null","false","NARROWER-THAN","brimunobiologico","MS","Organization","97","null","/orgs/MS/sources/brimunobiologico/concepts/97/","28531000087107","null","/orgs/SNOMED/sources/sct/concepts/28531000087107/","MS","Organization","/orgs/MS/sources/brimunobiologico/","brimunobiologico","SNOMED","Organization","/orgs/SNOMED/sources/sct/","sct","/orgs/MS/sources/brimunobiologico/mappings/200/","524","200","524","/orgs/MS/sources/brimunobiologico/mappings/200/","false","null","/orgs/MS/sources/brimunobiologico/mappings/200/525/","524","2023-04-04T19:39:31.900159Z","null","null","COVID-19 MODERNA","Vaccine product against severe acute respiratory syndrome coronavirus 2 (medicinal product)","Mapping","null"
"null","false","NARROWER-THAN","brimunobiologico","MS","Organization","96","null","/orgs/MS/sources/brimunobiologico/concepts/96/","28531000087107","null","/orgs/SNOMED/sources/sct/concepts/28531000087107/","MS","Organization","/orgs/MS/sources/brimunobiologico/","brimunobiologico","SNOMED","Organization","/orgs/SNOMED/sources/sct/","sct","/orgs/MS/sources/brimunobiologico/mappings/199/","522","199","522","/orgs/MS/sources/brimunobiologico/mappings/199/","false","null","/orgs/MS/sources/brimunobiologico/mappings/199/523/","522","2023-04-04T19:39:31.164523Z","null","null","COVID-19 BHARAT - COVAXIN","Vaccine product against severe acute respiratory syndrome coronavirus 2 (medicinal product)","Mapping","null"
"null","false","NARROWER-THAN","brimunobiologico","MS","Organization","95","null","/orgs/MS/sources/brimunobiologico/concepts/95/","28531000087107","null","/orgs/SNOMED/sources/sct/concepts/28531000087107/","MS","Organization","/orgs/MS/sources/brimunobiologico/","brimunobiologico","SNOMED","Organization","/orgs/SNOMED/sources/sct/","sct","/orgs/MS/sources/brimunobiologico/mappings/198/","520","198","520","/orgs/MS/sources/brimunobiologico/mappings/198/","false","null","/orgs/MS/sources/brimunobiologico/mappings/198/521/","520","2023-04-04T19:39:30.419837Z","null","null","COVID-19 GAMALEYA - SPUTNIK V","Vaccine product against severe acute respiratory syndrome coronavirus 2 (medicinal product)","Mapping","null"
"null","false","NARROWER-THAN","brimunobiologico","MS","Organization","93","null","/orgs/MS/sources/brimunobiologico/concepts/93/","836379009","null","/orgs/SNOMED/sources/sct/concepts/836379009/","MS","Organization","/orgs/MS/sources/brimunobiologico/","brimunobiologico","SNOMED","Organization","/orgs/SNOMED/sources/sct/","sct","/orgs/MS/sources/brimunobiologico/mappings/197/","518","197","518","/orgs/MS/sources/brimunobiologico/mappings/197/","false","null","/orgs/MS/sources/brimunobiologico/mappings/197/519/","518","2023-04-04T19:39:29.711099Z","null","null","HPV9","Vaccine product containing Human papillomavirus antigen (medicinal product)","Mapping","null"
"null","false","NARROWER-THAN","brimunobiologico","MS","Organization","89","null","/orgs/MS/sources/brimunobiologico/concepts/89/","28531000087107","null","/orgs/SNOMED/sources/sct/concepts/28531000087107/","MS","Organization","/orgs/MS/sources/brimunobiologico/","brimunobiologico","SNOMED","Organization","/orgs/SNOMED/sources/sct/","sct","/orgs/MS/sources/brimunobiologico/mappings/196/","516","196","516","/orgs/MS/sources/brimunobiologico/mappings/196/","false","null","/orgs/MS/sources/brimunobiologico/mappings/196/517/","516","2023-04-04T19:39:28.987585Z","null","null","COVID-19 ASTRAZENECA - ChAdOx1-S","Vaccine product against severe acute respiratory syndrome coronavirus 2 (medicinal product)","Mapping","null"
"null","false","NARROWER-THAN","brimunobiologico","MS","Organization","88","null","/orgs/MS/sources/brimunobiologico/concepts/88/","28531000087107","null","/orgs/SNOMED/sources/sct/concepts/28531000087107/","MS","Organization","/orgs/MS/sources/brimunobiologico/","brimunobiologico","SNOMED","Organization","/orgs/SNOMED/sources/sct/","sct","/orgs/MS/sources/brimunobiologico/mappings/195/","514","195","514","/orgs/MS/sources/brimunobiologico/mappings/195/","false","null","/orgs/MS/sources/brimunobiologico/mappings/195/515/","514","2023-04-04T19:39:28.200387Z","null","null","COVID-19 JANSSEN - Ad26.COV2.S","Vaccine product against severe acute respiratory syndrome coronavirus 2 (medicinal product)","Mapping","null"
"null","false","NARROWER-THAN","brimunobiologico","MS","Organization","86","null","/orgs/MS/sources/brimunobiologico/concepts/86/","28531000087107","null","/orgs/SNOMED/sources/sct/concepts/28531000087107/","MS","Organization","/orgs/MS/sources/brimunobiologico/","brimunobiologico","SNOMED","Organization","/orgs/SNOMED/sources/sct/","sct","/orgs/MS/sources/brimunobiologico/mappings/193/","510","193","510","/orgs/MS/sources/brimunobiologico/mappings/193/","false","null","/orgs/MS/sources/brimunobiologico/mappings/193/511/","510","2023-04-04T19:39:26.370329Z","null","null","COVID-19 SINOVAC/BUTANTAN - CORONAVAC","Vaccine product against severe acute respiratory syndrome coronavirus 2 (medicinal product)","Mapping","null"
"null","false","NARROWER-THAN","brimunobiologico","MS","Organization","85","null","/orgs/MS/sources/brimunobiologico/concepts/85/","28531000087107","null","/orgs/SNOMED/sources/sct/concepts/28531000087107/","MS","Organization","/orgs/MS/sources/brimunobiologico/","brimunobiologico","SNOMED","Organization","/orgs/SNOMED/sources/sct/","sct","/orgs/MS/sources/brimunobiologico/mappings/192/","508","192","508","/orgs/MS/sources/brimunobiologico/mappings/192/","false","null","/orgs/MS/sources/brimunobiologico/mappings/192/509/","508","2023-04-04T19:39:25.374087Z","null","null","COVID-19 ASTRAZENECA/FIOCRUZ - COVISHIELD","Vaccine product against severe acute respiratory syndrome coronavirus 2 (medicinal product)","Mapping","null"
"null","false","NARROWER-THAN","brimunobiologico","MS","Organization","84","null","/orgs/MS/sources/brimunobiologico/concepts/84/","836385002","null","/orgs/SNOMED/sources/sct/concepts/836385002/","MS","Organization","/orgs/MS/sources/brimunobiologico/","brimunobiologico","SNOMED","Organization","/orgs/SNOMED/sources/sct/","sct","/orgs/MS/sources/brimunobiologico/mappings/191/","506","191","506","/orgs/MS/sources/brimunobiologico/mappings/191/","false","null","/orgs/MS/sources/brimunobiologico/mappings/191/507/","506","2023-04-04T19:39:24.402510Z","null","null","VFA-F","Vaccine product containing Yellow fever virus antigen (medicinal product)","Mapping","null"
"null","false","NARROWER-THAN","brimunobiologico","MS","Organization","83","null","/orgs/MS/sources/brimunobiologico/concepts/83/","836375003","null","/orgs/SNOMED/sources/sct/concepts/836375003/","MS","Organization","/orgs/MS/sources/brimunobiologico/","brimunobiologico","SNOMED","Organization","/orgs/SNOMED/sources/sct/","sct","/orgs/MS/sources/brimunobiologico/mappings/190/","504","190","504","/orgs/MS/sources/brimunobiologico/mappings/190/","false","null","/orgs/MS/sources/brimunobiologico/mappings/190/505/","504","2023-04-04T19:39:23.572901Z","null","null","HEPAad","Vaccine product containing Hepatitis A virus antigen (medicinal product)","Mapping","null"
"null","false","SAME-AS","brimunobiologico","MS","Organization","82","null","/orgs/MS/sources/brimunobiologico/concepts/82/","840563003","null","/orgs/SNOMED/sources/sct/concepts/840563003/","MS","Organization","/orgs/MS/sources/brimunobiologico/","brimunobiologico","SNOMED","Organization","/orgs/SNOMED/sources/sct/","sct","/orgs/MS/sources/brimunobiologico/mappings/189/","502","189","502","/orgs/MS/sources/brimunobiologico/mappings/189/","false","null","/orgs/MS/sources/brimunobiologico/mappings/189/503/","502","2023-04-04T19:39:22.701898Z","null","null","Dengue","Vaccine product containing Dengue virus antigen (medicinal product)","Mapping","null"
"null","false","SAME-AS","brimunobiologico","MS","Organization","78","null","/orgs/MS/sources/brimunobiologico/concepts/78/","1981000221108","null","/orgs/SNOMED/sources/sct/concepts/1981000221108/","MS","Organization","/orgs/MS/sources/brimunobiologico/","brimunobiologico","SNOMED","Organization","/orgs/SNOMED/sources/sct/","sct","/orgs/MS/sources/brimunobiologico/mappings/188/","500","188","500","/orgs/MS/sources/brimunobiologico/mappings/188/","false","null","/orgs/MS/sources/brimunobiologico/mappings/188/501/","500","2023-04-04T19:39:21.881328Z","null","null","MenB","Vaccine product containing only Neisseria meningitidis serogroup B antigen (medicinal product)","Mapping","null"
"null","false","NARROWER-THAN","brimunobiologico","MS","Organization","77","null","/orgs/MS/sources/brimunobiologico/concepts/77/","1181000221105","null","/orgs/SNOMED/sources/sct/concepts/1181000221105/","MS","Organization","/orgs/MS/sources/brimunobiologico/","brimunobiologico","SNOMED","Organization","/orgs/SNOMED/sources/sct/","sct","/orgs/MS/sources/brimunobiologico/mappings/187/","498","187","498","/orgs/MS/sources/brimunobiologico/mappings/187/","false","null","/orgs/MS/sources/brimunobiologico/mappings/187/499/","498","2023-04-04T19:39:21.127879Z","null","null","INF4","Vaccine product containing only Influenza virus antigen (medicinal product)","Mapping","null"
"null","false","SAME-AS","brimunobiologico","MS","Organization","75","null","/orgs/MS/sources/brimunobiologico/concepts/75/","1001000221103","null","/orgs/SNOMED/sources/sct/concepts/1001000221103/","MS","Organization","/orgs/MS/sources/brimunobiologico/","brimunobiologico","SNOMED","Organization","/orgs/SNOMED/sources/sct/","sct","/orgs/MS/sources/brimunobiologico/mappings/186/","496","186","496","/orgs/MS/sources/brimunobiologico/mappings/186/","false","null","/orgs/MS/sources/brimunobiologico/mappings/186/497/","496","2023-04-04T19:39:20.401962Z","null","null","COLERA","Vaccine product containing only inactivated whole Vibrio cholerae antigen in oral dose form (medicinal product form)","Mapping","null"
"null","false","SAME-AS","brimunobiologico","MS","Organization","74","null","/orgs/MS/sources/brimunobiologico/concepts/74/","871873006","null","/orgs/SNOMED/sources/sct/concepts/871873006/","MS","Organization","/orgs/MS/sources/brimunobiologico/","brimunobiologico","SNOMED","Organization","/orgs/SNOMED/sources/sct/","sct","/orgs/MS/sources/brimunobiologico/mappings/185/","494","185","494","/orgs/MS/sources/brimunobiologico/mappings/185/","false","null","/orgs/MS/sources/brimunobiologico/mappings/185/495/","494","2023-04-04T19:39:19.694592Z","null","null","MenACWY","Vaccine product containing only Neisseria meningitidis serogroup A, C, W135 and Y antigens (medicinal product)","Mapping","null"
"null","false","SAME-AS","brimunobiologico","MS","Organization","72","null","/orgs/MS/sources/brimunobiologico/concepts/72/","1181000221105","null","/orgs/SNOMED/sources/sct/concepts/1181000221105/","MS","Organization","/orgs/MS/sources/brimunobiologico/","brimunobiologico","SNOMED","Organization","/orgs/SNOMED/sources/sct/","sct","/orgs/MS/sources/brimunobiologico/mappings/184/","492","184","492","/orgs/MS/sources/brimunobiologico/mappings/184/","false","null","/orgs/MS/sources/brimunobiologico/mappings/184/493/","492","2023-04-04T19:39:18.970036Z","null","null","Gripe Sazonal","Vaccine product containing only Influenza virus antigen (medicinal product)","Mapping","null"
"null","false","SAME-AS","brimunobiologico","MS","Organization","71","null","/orgs/MS/sources/brimunobiologico/concepts/71/","836388000","null","/orgs/SNOMED/sources/sct/concepts/836388000/","MS","Organization","/orgs/MS/sources/brimunobiologico/","brimunobiologico","SNOMED","Organization","/orgs/SNOMED/sources/sct/","sct","/orgs/MS/sources/brimunobiologico/mappings/183/","490","183","490","/orgs/MS/sources/brimunobiologico/mappings/183/","false","null","/orgs/MS/sources/brimunobiologico/mappings/183/491/","490","2023-04-04T19:39:18.226444Z","null","null","Rubeola","Vaccine product containing Rubella virus antigen (medicinal product)","Mapping","null"
"null","false","SAME-AS","brimunobiologico","MS","Organization","70","null","/orgs/MS/sources/brimunobiologico/concepts/70/","836382004","null","/orgs/SNOMED/sources/sct/concepts/836382004/","MS","Organization","/orgs/MS/sources/brimunobiologico/","brimunobiologico","SNOMED","Organization","/orgs/SNOMED/sources/sct/","sct","/orgs/MS/sources/brimunobiologico/mappings/182/","488","182","488","/orgs/MS/sources/brimunobiologico/mappings/182/","false","null","/orgs/MS/sources/brimunobiologico/mappings/182/489/","488","2023-04-04T19:39:16.664585Z","null","null","Sarampo","Vaccine product containing Measles morbillivirus antigen (medicinal product)","Mapping","null"
"null","false","NARROWER-THAN","brimunobiologico","MS","Organization","68","null","/orgs/MS/sources/brimunobiologico/concepts/68/","836379009","null","/orgs/SNOMED/sources/sct/concepts/836379009/","MS","Organization","/orgs/MS/sources/brimunobiologico/","brimunobiologico","SNOMED","Organization","/orgs/SNOMED/sources/sct/","sct","/orgs/MS/sources/brimunobiologico/mappings/181/","486","181","486","/orgs/MS/sources/brimunobiologico/mappings/181/","false","null","/orgs/MS/sources/brimunobiologico/mappings/181/487/","486","2023-04-04T19:39:15.934178Z","null","null","HPV Bi","Vaccine product containing Human papillomavirus antigen (medicinal product)","Mapping","null"
"null","false","NARROWER-THAN","brimunobiologico","MS","Organization","67","null","/orgs/MS/sources/brimunobiologico/concepts/67/","836379009","null","/orgs/SNOMED/sources/sct/concepts/836379009/","MS","Organization","/orgs/MS/sources/brimunobiologico/","brimunobiologico","SNOMED","Organization","/orgs/SNOMED/sources/sct/","sct","/orgs/MS/sources/brimunobiologico/mappings/180/","484","180","484","/orgs/MS/sources/brimunobiologico/mappings/180/","false","null","/orgs/MS/sources/brimunobiologico/mappings/180/485/","484","2023-04-04T19:39:15.168786Z","null","null","HPV4","Vaccine product containing Human papillomavirus antigen (medicinal product)","Mapping","null"
"null","false","SAME-AS","brimunobiologico","MS","Organization","66","null","/orgs/MS/sources/brimunobiologico/concepts/66/","836500008","null","/orgs/SNOMED/sources/sct/concepts/836500008/","MS","Organization","/orgs/MS/sources/brimunobiologico/","brimunobiologico","SNOMED","Organization","/orgs/SNOMED/sources/sct/","sct","/orgs/MS/sources/brimunobiologico/mappings/179/","482","179","482","/orgs/MS/sources/brimunobiologico/mappings/179/","false","null","/orgs/MS/sources/brimunobiologico/mappings/179/483/","482","2023-04-04T19:39:14.430489Z","null","null","MEN BC","Vaccine product containing only Haemophilus influenzae type b and Neisseria meningitidis serogroup C antigens (medicinal product)","Mapping","null"
"null","false","NARROWER-THAN","brimunobiologico","MS","Organization","65","null","/orgs/MS/sources/brimunobiologico/concepts/65/","1081000221109","null","/orgs/SNOMED/sources/sct/concepts/1081000221109/","MS","Organization","/orgs/MS/sources/brimunobiologico/","brimunobiologico","SNOMED","Organization","/orgs/SNOMED/sources/sct/","sct","/orgs/MS/sources/brimunobiologico/mappings/178/","480","178","480","/orgs/MS/sources/brimunobiologico/mappings/178/","false","null","/orgs/MS/sources/brimunobiologico/mappings/178/481/","480","2023-04-04T19:39:13.627051Z","null","null","ROTA5","Vaccine product containing only live attenuated Rotavirus antigen (medicinal product)","Mapping","null"
"null","false","NARROWER-THAN","brimunobiologico","MS","Organization","64","null","/orgs/MS/sources/brimunobiologico/concepts/64/","1181000221105","null","/orgs/SNOMED/sources/sct/concepts/1181000221105/","MS","Organization","/orgs/MS/sources/brimunobiologico/","brimunobiologico","SNOMED","Organization","/orgs/SNOMED/sources/sct/","sct","/orgs/MS/sources/brimunobiologico/mappings/177/","478","177","478","/orgs/MS/sources/brimunobiologico/mappings/177/","false","null","/orgs/MS/sources/brimunobiologico/mappings/177/479/","478","2023-04-04T19:39:12.902471Z","null","null","FLU ID","Vaccine product containing only Influenza virus antigen (medicinal product)","Mapping","null"
"null","false","NARROWER-THAN","brimunobiologico","MS","Organization","63","null","/orgs/MS/sources/brimunobiologico/concepts/63/","871803007","null","/orgs/SNOMED/sources/sct/concepts/871803007/","MS","Organization","/orgs/MS/sources/brimunobiologico/","brimunobiologico","SNOMED","Organization","/orgs/SNOMED/sources/sct/","sct","/orgs/MS/sources/brimunobiologico/mappings/176/","476","176","476","/orgs/MS/sources/brimunobiologico/mappings/176/","false","null","/orgs/MS/sources/brimunobiologico/mappings/176/477/","476","2023-04-04T19:39:12.142145Z","null","null","HAeHB","Vaccine product containing only Hepatitis A and Hepatitis B virus antigens (medicinal product)","Mapping","null"
"null","false","NARROWER-THAN","brimunobiologico","MS","Organization","62","null","/orgs/MS/sources/brimunobiologico/concepts/62/","871803007","null","/orgs/SNOMED/sources/sct/concepts/871803007/","MS","Organization","/orgs/MS/sources/brimunobiologico/","brimunobiologico","SNOMED","Organization","/orgs/SNOMED/sources/sct/","sct","/orgs/MS/sources/brimunobiologico/mappings/175/","474","175","474","/orgs/MS/sources/brimunobiologico/mappings/175/","false","null","/orgs/MS/sources/brimunobiologico/mappings/175/475/","474","2023-04-04T19:39:11.350163Z","null","null","HAeHBped","Vaccine product containing only Hepatitis A and Hepatitis B virus antigens (medicinal product)","Mapping","null"
"null","false","SAME-AS","brimunobiologico","MS","Organization","61","null","/orgs/MS/sources/brimunobiologico/concepts/61/","777725002","null","/orgs/SNOMED/sources/sct/concepts/777725002/","MS","Organization","/orgs/MS/sources/brimunobiologico/","brimunobiologico","SNOMED","Organization","/orgs/SNOMED/sources/sct/","sct","/orgs/MS/sources/brimunobiologico/mappings/174/","472","174","472","/orgs/MS/sources/brimunobiologico/mappings/174/","false","null","/orgs/MS/sources/brimunobiologico/mappings/174/473/","472","2023-04-04T19:39:10.492756Z","null","null","TT","Vaccine product containing only Clostridium tetani toxoid antigen adsorbed (medicinal product)","Mapping","null"
"null","false","NARROWER-THAN","brimunobiologico","MS","Organization","60","null","/orgs/MS/sources/brimunobiologico/concepts/60/","836379009","null","/orgs/SNOMED/sources/sct/concepts/836379009/","MS","Organization","/orgs/MS/sources/brimunobiologico/","brimunobiologico","SNOMED","Organization","/orgs/SNOMED/sources/sct/","sct","/orgs/MS/sources/brimunobiologico/mappings/173/","470","173","470","/orgs/MS/sources/brimunobiologico/mappings/173/","false","null","/orgs/MS/sources/brimunobiologico/mappings/173/471/","470","2023-04-04T19:39:09.640153Z","null","null","HPV2","Vaccine product containing Human papillomavirus antigen (medicinal product)","Mapping","null"
"null","false","SAME-AS","brimunobiologico","MS","Organization","59","null","/orgs/MS/sources/brimunobiologico/concepts/59/","1119254000","null","/orgs/SNOMED/sources/sct/concepts/1119254000/","MS","Organization","/orgs/MS/sources/brimunobiologico/","brimunobiologico","SNOMED","Organization","/orgs/SNOMED/sources/sct/","sct","/orgs/MS/sources/brimunobiologico/mappings/172/","468","172","468","/orgs/MS/sources/brimunobiologico/mappings/172/","false","null","/orgs/MS/sources/brimunobiologico/mappings/172/469/","468","2023-04-04T19:39:08.917277Z","null","null","VPC13","Vaccine product containing only Streptococcus pneumoniae Danish serotype 1, 3, 4, 5, 6A, 6B, 7F, 9V, 14, 18C, 19A, 19F, and 23F capsular polysaccharide antigens (medicinal product)","Mapping","null"
"null","false","SAME-AS","brimunobiologico","MS","Organization","58","null","/orgs/MS/sources/brimunobiologico/concepts/58/","871878002","null","/orgs/SNOMED/sources/sct/concepts/871878002/","MS","Organization","/orgs/MS/sources/brimunobiologico/","brimunobiologico","SNOMED","Organization","/orgs/SNOMED/sources/sct/","sct","/orgs/MS/sources/brimunobiologico/mappings/171/","466","171","466","/orgs/MS/sources/brimunobiologico/mappings/171/","false","null","/orgs/MS/sources/brimunobiologico/mappings/171/467/","466","2023-04-04T19:39:08.159811Z","null","null","TETRA acelular","Vaccine product containing only Bordetella pertussis and Clostridium tetani and Corynebacterium diphtheriae and Human poliovirus antigens (medicinal product)","Mapping","null"
"null","false","NARROWER-THAN","brimunobiologico","MS","Organization","57","null","/orgs/MS/sources/brimunobiologico/concepts/57/","871876003","null","/orgs/SNOMED/sources/sct/concepts/871876003/","MS","Organization","/orgs/MS/sources/brimunobiologico/","brimunobiologico","SNOMED","Organization","/orgs/SNOMED/sources/sct/","sct","/orgs/MS/sources/brimunobiologico/mappings/170/","464","170","464","/orgs/MS/sources/brimunobiologico/mappings/170/","false","null","/orgs/MS/sources/brimunobiologico/mappings/170/465/","464","2023-04-04T19:39:07.404743Z","null","null","dTpa","Vaccine product containing only acellular Bordetella pertussis and Clostridium tetani and Corynebacterium diphtheriae antigens (medicinal product)","Mapping","null"
"null","false","SAME-AS","brimunobiologico","MS","Organization","56","null","/orgs/MS/sources/brimunobiologico/concepts/56/","871908002","null","/orgs/SNOMED/sources/sct/concepts/871908002/","MS","Organization","/orgs/MS/sources/brimunobiologico/","brimunobiologico","SNOMED","Organization","/orgs/SNOMED/sources/sct/","sct","/orgs/MS/sources/brimunobiologico/mappings/169/","462","169","462","/orgs/MS/sources/brimunobiologico/mappings/169/","false","null","/orgs/MS/sources/brimunobiologico/mappings/169/463/","462","2023-04-04T19:39:06.696900Z","null","null","SCRV","Vaccine product containing only Human alphaherpesvirus 3 and Measles morbillivirus and Mumps orthorubulavirus and Rubella virus antigens (medicinal product)","Mapping","null"
"null","false","NARROWER-THAN","brimunobiologico","MS","Organization","55","null","/orgs/MS/sources/brimunobiologico/concepts/55/","836375003","null","/orgs/SNOMED/sources/sct/concepts/836375003/","MS","Organization","/orgs/MS/sources/brimunobiologico/","brimunobiologico","SNOMED","Organization","/orgs/SNOMED/sources/sct/","sct","/orgs/MS/sources/brimunobiologico/mappings/168/","460","168","460","/orgs/MS/sources/brimunobiologico/mappings/168/","false","null","/orgs/MS/sources/brimunobiologico/mappings/168/461/","460","2023-04-04T19:39:05.976411Z","null","null","HepAinf","Vaccine product containing Hepatitis A virus antigen (medicinal product)","Mapping","null"
"null","false","NARROWER-THAN","brimunobiologico","MS","Organization","51","null","/orgs/MS/sources/brimunobiologico/concepts/51/","37146000","null","/orgs/SNOMED/sources/sct/concepts/37146000/","MS","Organization","/orgs/MS/sources/brimunobiologico/","brimunobiologico","SNOMED","Organization","/orgs/SNOMED/sources/sct/","sct","/orgs/MS/sources/brimunobiologico/mappings/167/","458","167","458","/orgs/MS/sources/brimunobiologico/mappings/167/","false","null","/orgs/MS/sources/brimunobiologico/mappings/167/459/","458","2023-04-04T19:39:05.240626Z","null","null","Fta","Typhus vaccine (medicinal product)","Mapping","null"
"null","false","NARROWER-THAN","brimunobiologico","MS","Organization","47","null","/orgs/MS/sources/brimunobiologico/concepts/47/","871876003","null","/orgs/SNOMED/sources/sct/concepts/871876003/","MS","Organization","/orgs/MS/sources/brimunobiologico/","brimunobiologico","SNOMED","Organization","/orgs/SNOMED/sources/sct/","sct","/orgs/MS/sources/brimunobiologico/mappings/166/","456","166","456","/orgs/MS/sources/brimunobiologico/mappings/166/","false","null","/orgs/MS/sources/brimunobiologico/mappings/166/457/","456","2023-04-04T19:39:04.507185Z","null","null","DTPa","Vaccine product containing only acellular Bordetella pertussis and Clostridium tetani and Corynebacterium diphtheriae antigens (medicinal product)","Mapping","null"
"null","false","SAME-AS","brimunobiologico","MS","Organization","46","null","/orgs/MS/sources/brimunobiologico/concepts/46/","871875004","null","/orgs/SNOMED/sources/sct/concepts/871875004/","MS","Organization","/orgs/MS/sources/brimunobiologico/","brimunobiologico","SNOMED","Organization","/orgs/SNOMED/sources/sct/","sct","/orgs/MS/sources/brimunobiologico/mappings/165/","454","165","454","/orgs/MS/sources/brimunobiologico/mappings/165/","false","null","/orgs/MS/sources/brimunobiologico/mappings/165/455/","454","2023-04-04T19:39:03.656577Z","null","null","DTP","Vaccine product containing only Bordetella pertussis and Clostridium tetani and Corynebacterium diphtheriae antigens (medicinal product)","Mapping","null"
"null","false","SAME-AS","brimunobiologico","MS","Organization","45","null","/orgs/MS/sources/brimunobiologico/concepts/45/","1081000221109","null","/orgs/SNOMED/sources/sct/concepts/1081000221109/","MS","Organization","/orgs/MS/sources/brimunobiologico/","brimunobiologico","SNOMED","Organization","/orgs/SNOMED/sources/sct/","sct","/orgs/MS/sources/brimunobiologico/mappings/164/","452","164","452","/orgs/MS/sources/brimunobiologico/mappings/164/","false","null","/orgs/MS/sources/brimunobiologico/mappings/164/453/","452","2023-04-04T19:39:02.889674Z","null","null","ROTA","Vaccine product containing only live attenuated Rotavirus antigen (medicinal product)","Mapping","null"
"null","false","NARROWER-THAN","brimunobiologico","MS","Organization","44","null","/orgs/MS/sources/brimunobiologico/concepts/44/","1181000221105","null","/orgs/SNOMED/sources/sct/concepts/1181000221105/","MS","Organization","/orgs/MS/sources/brimunobiologico/","brimunobiologico","SNOMED","Organization","/orgs/SNOMED/sources/sct/","sct","/orgs/MS/sources/brimunobiologico/mappings/163/","450","163","450","/orgs/MS/sources/brimunobiologico/mappings/163/","false","null","/orgs/MS/sources/brimunobiologico/mappings/163/451/","450","2023-04-04T19:39:02.180075Z","null","null","H1N1","Vaccine product containing only Influenza virus antigen (medicinal product)","Mapping","null"
"null","false","SAME-AS","brimunobiologico","MS","Organization","43","null","/orgs/MS/sources/brimunobiologico/concepts/43/","871895005","null","/orgs/SNOMED/sources/sct/concepts/871895005/","MS","Organization","/orgs/MS/sources/brimunobiologico/","brimunobiologico","SNOMED","Organization","/orgs/SNOMED/sources/sct/","sct","/orgs/MS/sources/brimunobiologico/mappings/162/","448","162","448","/orgs/MS/sources/brimunobiologico/mappings/162/","false","null","/orgs/MS/sources/brimunobiologico/mappings/162/449/","448","2023-04-04T19:39:01.377124Z","null","null","HEXA","Vaccine product containing only Bordetella pertussis and Clostridium tetani and Corynebacterium diphtheriae and Haemophilus influenzae type b and Hepatitis B virus and Human poliovirus antigens (medicinal product)","Mapping","null"
"null","false","SAME-AS","brimunobiologico","MS","Organization","41","null","/orgs/MS/sources/brimunobiologico/concepts/41/","871866001","null","/orgs/SNOMED/sources/sct/concepts/871866001/","MS","Organization","/orgs/MS/sources/brimunobiologico/","brimunobiologico","SNOMED","Organization","/orgs/SNOMED/sources/sct/","sct","/orgs/MS/sources/brimunobiologico/mappings/161/","446","161","446","/orgs/MS/sources/brimunobiologico/mappings/161/","false","null","/orgs/MS/sources/brimunobiologico/mappings/161/447/","446","2023-04-04T19:39:00.677573Z","null","null","MenC","Vaccine product containing only Neisseria meningitidis serogroup C antigen (medicinal product)","Mapping","null"
"null","false","SAME-AS","brimunobiologico","MS","Organization","40","null","/orgs/MS/sources/brimunobiologico/concepts/40/","1052328007","null","/orgs/SNOMED/sources/sct/concepts/1052328007/","MS","Organization","/orgs/MS/sources/brimunobiologico/","brimunobiologico","SNOMED","Organization","/orgs/SNOMED/sources/sct/","sct","/orgs/MS/sources/brimunobiologico/mappings/160/","444","160","444","/orgs/MS/sources/brimunobiologico/mappings/160/","false","null","/orgs/MS/sources/brimunobiologico/mappings/160/445/","444","2023-04-04T19:38:59.906728Z","null","null","Pncc7V","Vaccine product containing only Streptococcus pneumoniae Danish serotype 4, 6B, 9V, 14, 18C, 19F, and 23F capsular polysaccharide antigens conjugated (medicinal product)","Mapping","null"
"null","false","SAME-AS","brimunobiologico","MS","Organization","39","null","/orgs/MS/sources/brimunobiologico/concepts/39/","871839001","null","/orgs/SNOMED/sources/sct/concepts/871839001/","MS","Organization","/orgs/MS/sources/brimunobiologico/","brimunobiologico","SNOMED","Organization","/orgs/SNOMED/sources/sct/","sct","/orgs/MS/sources/brimunobiologico/mappings/159/","442","159","442","/orgs/MS/sources/brimunobiologico/mappings/159/","false","null","/orgs/MS/sources/brimunobiologico/mappings/159/443/","442","2023-04-04T19:38:59.137459Z","null","null","Tetra","Vaccine product containing only Bordetella pertussis and Clostridium tetani and Corynebacterium diphtheriae and Haemophilus influenzae type b antigens (medicinal product)","Mapping","null"
"null","false","SAME-AS","brimunobiologico","MS","Organization","37","null","/orgs/MS/sources/brimunobiologico/concepts/37/","836393002","null","/orgs/SNOMED/sources/sct/concepts/836393002/","MS","Organization","/orgs/MS/sources/brimunobiologico/","brimunobiologico","SNOMED","Organization","/orgs/SNOMED/sources/sct/","sct","/orgs/MS/sources/brimunobiologico/mappings/158/","440","158","440","/orgs/MS/sources/brimunobiologico/mappings/158/","false","null","/orgs/MS/sources/brimunobiologico/mappings/158/441/","440","2023-04-04T19:38:58.350341Z","null","null","Vero","Vaccine product containing Rabies lyssavirus antigen (medicinal product)","Mapping","null"
"null","false","SAME-AS","brimunobiologico","MS","Organization","35","null","/orgs/MS/sources/brimunobiologico/concepts/35/","836375003","null","/orgs/SNOMED/sources/sct/concepts/836375003/","MS","Organization","/orgs/MS/sources/brimunobiologico/","brimunobiologico","SNOMED","Organization","/orgs/SNOMED/sources/sct/","sct","/orgs/MS/sources/brimunobiologico/mappings/157/","438","157","438","/orgs/MS/sources/brimunobiologico/mappings/157/","false","null","/orgs/MS/sources/brimunobiologico/mappings/157/439/","438","2023-04-04T19:38:57.591453Z","null","null","HA","Vaccine product containing Hepatitis A virus antigen (medicinal product)","Mapping","null"
"null","false","SAME-AS","brimunobiologico","MS","Organization","34","null","/orgs/MS/sources/brimunobiologico/concepts/34/","836495005","null","/orgs/SNOMED/sources/sct/concepts/836495005/","MS","Organization","/orgs/MS/sources/brimunobiologico/","brimunobiologico","SNOMED","Organization","/orgs/SNOMED/sources/sct/","sct","/orgs/MS/sources/brimunobiologico/mappings/156/","436","156","436","/orgs/MS/sources/brimunobiologico/mappings/156/","false","null","/orgs/MS/sources/brimunobiologico/mappings/156/437/","436","2023-04-04T19:38:56.829288Z","null","null","VAR","Vaccine product containing Human alphaherpesvirus 3 antigen (medicinal product)","Mapping","null"
"null","false","NARROWER-THAN","brimunobiologico","MS","Organization","33","null","/orgs/MS/sources/brimunobiologico/concepts/33/","1181000221105","null","/orgs/SNOMED/sources/sct/concepts/1181000221105/","MS","Organization","/orgs/MS/sources/brimunobiologico/","brimunobiologico","SNOMED","Organization","/orgs/SNOMED/sources/sct/","sct","/orgs/MS/sources/brimunobiologico/mappings/155/","434","155","434","/orgs/MS/sources/brimunobiologico/mappings/155/","false","null","/orgs/MS/sources/brimunobiologico/mappings/155/435/","434","2023-04-04T19:38:56.054272Z","null","null","INF3","Vaccine product containing only Influenza virus antigen (medicinal product)","Mapping","null"
"null","false","SAME-AS","brimunobiologico","MS","Organization","30","null","/orgs/MS/sources/brimunobiologico/concepts/30/","37146000","null","/orgs/SNOMED/sources/sct/concepts/37146000/","MS","Organization","/orgs/MS/sources/brimunobiologico/","brimunobiologico","SNOMED","Organization","/orgs/SNOMED/sources/sct/","sct","/orgs/MS/sources/brimunobiologico/mappings/154/","432","154","432","/orgs/MS/sources/brimunobiologico/mappings/154/","false","null","/orgs/MS/sources/brimunobiologico/mappings/154/433/","432","2023-04-04T19:38:55.257881Z","null","null","FTp","Typhus vaccine (medicinal product)","Mapping","null"
"null","false","SAME-AS","brimunobiologico","MS","Organization","29","null","/orgs/MS/sources/brimunobiologico/concepts/29/","871887006","null","/orgs/SNOMED/sources/sct/concepts/871887006/","MS","Organization","/orgs/MS/sources/brimunobiologico/","brimunobiologico","SNOMED","Organization","/orgs/SNOMED/sources/sct/","sct","/orgs/MS/sources/brimunobiologico/mappings/153/","430","153","430","/orgs/MS/sources/brimunobiologico/mappings/153/","false","null","/orgs/MS/sources/brimunobiologico/mappings/153/431/","430","2023-04-04T19:38:54.542888Z","null","null","PENTA acelular","Vaccine product containing only Bordetella pertussis and Clostridium tetani and Corynebacterium diphtheriae and Haemophilus influenzae type b and Human poliovirus antigens (medicinal product)","Mapping","null"
"null","false","SAME-AS","brimunobiologico","MS","Organization","28","null","/orgs/MS/sources/brimunobiologico/concepts/28/","1051000221104","null","/orgs/SNOMED/sources/sct/concepts/1051000221104/","MS","Organization","/orgs/MS/sources/brimunobiologico/","brimunobiologico","SNOMED","Organization","/orgs/SNOMED/sources/sct/","sct","/orgs/MS/sources/brimunobiologico/mappings/152/","428","152","428","/orgs/MS/sources/brimunobiologico/mappings/152/","false","null","/orgs/MS/sources/brimunobiologico/mappings/152/429/","428","2023-04-04T19:38:53.767922Z","null","null","VOP","Vaccine product containing only live attenuated Human poliovirus serotypes 1 and 3 antigens in oral dose form (medicinal product form)","Mapping","null"
"null","false","NARROWER-THAN","brimunobiologico","MS","Organization","26","null","/orgs/MS/sources/brimunobiologico/concepts/26/","1801000221105","null","/orgs/SNOMED/sources/sct/concepts/1801000221105/","MS","Organization","/orgs/MS/sources/brimunobiologico/","brimunobiologico","SNOMED","Organization","/orgs/SNOMED/sources/sct/","sct","/orgs/MS/sources/brimunobiologico/mappings/151/","426","151","426","/orgs/MS/sources/brimunobiologico/mappings/151/","false","null","/orgs/MS/sources/brimunobiologico/mappings/151/427/","426","2023-04-04T19:38:52.779520Z","null","null","VPC10","Vaccine product containing only Streptococcus pneumoniae capsular polysaccharide antigen conjugated (medicinal product)","Mapping","null"
"null","false","NARROWER-THAN","brimunobiologico","MS","Organization","25","null","/orgs/MS/sources/brimunobiologico/concepts/25/","871826000","null","/orgs/SNOMED/sources/sct/concepts/871826000/","MS","Organization","/orgs/MS/sources/brimunobiologico/","brimunobiologico","SNOMED","Organization","/orgs/SNOMED/sources/sct/","sct","/orgs/MS/sources/brimunobiologico/mappings/150/","424","150","424","/orgs/MS/sources/brimunobiologico/mappings/150/","false","null","/orgs/MS/sources/brimunobiologico/mappings/150/425/","424","2023-04-04T19:38:51.757184Z","null","null","dT","Vaccine product containing only Clostridium tetani and Corynebacterium diphtheriae antigens (medicinal product)","Mapping","null"
"null","false","SAME-AS","brimunobiologico","MS","Organization","24","null","/orgs/MS/sources/brimunobiologico/concepts/24/","871831003","null","/orgs/SNOMED/sources/sct/concepts/871831003/","MS","Organization","/orgs/MS/sources/brimunobiologico/","brimunobiologico","SNOMED","Organization","/orgs/SNOMED/sources/sct/","sct","/orgs/MS/sources/brimunobiologico/mappings/149/","422","149","422","/orgs/MS/sources/brimunobiologico/mappings/149/","false","null","/orgs/MS/sources/brimunobiologico/mappings/149/423/","422","2023-04-04T19:38:50.800362Z","null","null","SCR","Vaccine product containing only Measles morbillivirus and Mumps orthorubulavirus and Rubella virus antigens (medicinal product)","Mapping","null"
"null","false","NARROWER-THAN","brimunobiologico","MS","Organization","22","null","/orgs/MS/sources/brimunobiologico/concepts/22/","1031000221108","null","/orgs/SNOMED/sources/sct/concepts/1031000221108/","MS","Organization","/orgs/MS/sources/brimunobiologico/","brimunobiologico","SNOMED","Organization","/orgs/SNOMED/sources/sct/","sct","/orgs/MS/sources/brimunobiologico/mappings/148/","420","148","420","/orgs/MS/sources/brimunobiologico/mappings/148/","false","null","/orgs/MS/sources/brimunobiologico/mappings/148/421/","420","2023-04-04T19:38:49.859337Z","null","null","VIP","Vaccine product containing Human poliovirus antigen (medicinal product)","Mapping","null"
"null","false","NARROWER-THAN","brimunobiologico","MS","Organization","21","null","/orgs/MS/sources/brimunobiologico/concepts/21/","836398006","null","/orgs/SNOMED/sources/sct/concepts/836398006/","MS","Organization","/orgs/MS/sources/brimunobiologico/","brimunobiologico","SNOMED","Organization","/orgs/SNOMED/sources/sct/","sct","/orgs/MS/sources/brimunobiologico/mappings/147/","418","147","418","/orgs/MS/sources/brimunobiologico/mappings/147/","false","null","/orgs/MS/sources/brimunobiologico/mappings/147/419/","418","2023-04-04T19:38:49.024053Z","null","null","VPP23","Vaccine product containing Streptococcus pneumoniae antigen (medicinal product)","Mapping","null"
"null","false","SAME-AS","brimunobiologico","MS","Organization","17","null","/orgs/MS/sources/brimunobiologico/concepts/17/","836380007","null","/orgs/SNOMED/sources/sct/concepts/836380007/","MS","Organization","/orgs/MS/sources/brimunobiologico/","brimunobiologico","SNOMED","Organization","/orgs/SNOMED/sources/sct/","sct","/orgs/MS/sources/brimunobiologico/mappings/146/","416","146","416","/orgs/MS/sources/brimunobiologico/mappings/146/","false","null","/orgs/MS/sources/brimunobiologico/mappings/146/417/","416","2023-04-04T19:38:48.194245Z","null","null","Hib","Vaccine product containing Haemophilus influenzae type b antigen (medicinal product)","Mapping","null"
"null","false","SAME-AS","brimunobiologico","MS","Organization","14","null","/orgs/MS/sources/brimunobiologico/concepts/14/","1121000221106","null","/orgs/SNOMED/sources/sct/concepts/1121000221106/","MS","Organization","/orgs/MS/sources/brimunobiologico/","brimunobiologico","SNOMED","Organization","/orgs/SNOMED/sources/sct/","sct","/orgs/MS/sources/brimunobiologico/mappings/145/","414","145","414","/orgs/MS/sources/brimunobiologico/mappings/145/","false","null","/orgs/MS/sources/brimunobiologico/mappings/145/415/","414","2023-04-04T19:38:47.431551Z","null","null","VFA","Vaccine product containing only live attenuated Yellow fever virus antigen (medicinal product)","Mapping","null"
"null","false","SAME-AS","brimunobiologico","MS","Organization","13","null","/orgs/MS/sources/brimunobiologico/concepts/13/","871871008","null","/orgs/SNOMED/sources/sct/concepts/871871008/","MS","Organization","/orgs/MS/sources/brimunobiologico/","brimunobiologico","SNOMED","Organization","/orgs/SNOMED/sources/sct/","sct","/orgs/MS/sources/brimunobiologico/mappings/144/","412","144","412","/orgs/MS/sources/brimunobiologico/mappings/144/","false","null","/orgs/MS/sources/brimunobiologico/mappings/144/413/","412","2023-04-04T19:38:46.719235Z","null","null","Meningo AC","Vaccine product containing only Neisseria meningitidis serogroup A and C antigens (medicinal product)","Mapping","null"
"null","false","SAME-AS","brimunobiologico","MS","Organization","10","null","/orgs/MS/sources/brimunobiologico/concepts/10/","836381006","null","/orgs/SNOMED/sources/sct/concepts/836381006/","MS","Organization","/orgs/MS/sources/brimunobiologico/","brimunobiologico","SNOMED","Organization","/orgs/SNOMED/sources/sct/","sct","/orgs/MS/sources/brimunobiologico/mappings/143/","410","143","410","/orgs/MS/sources/brimunobiologico/mappings/143/","false","null","/orgs/MS/sources/brimunobiologico/mappings/143/411/","410","2023-04-04T19:38:45.990067Z","null","null","SAD","Vaccine product containing Corynebacterium diphtheriae antigen (medicinal product)","Mapping","null"
"null","false","SAME-AS","brimunobiologico","MS","Organization","9","null","/orgs/MS/sources/brimunobiologico/concepts/9/","836374004","null","/orgs/SNOMED/sources/sct/concepts/836374004/","MS","Organization","/orgs/MS/sources/brimunobiologico/","brimunobiologico","SNOMED","Organization","/orgs/SNOMED/sources/sct/","sct","/orgs/MS/sources/brimunobiologico/mappings/142/","408","142","408","/orgs/MS/sources/brimunobiologico/mappings/142/","false","null","/orgs/MS/sources/brimunobiologico/mappings/142/409/","408","2023-04-04T19:38:45.277868Z","null","null","HepB","Vaccine product containing Hepatitis B virus antigen (medicinal product)","Mapping","null"
"null","false","NARROWER-THAN","brimunobiologico","MS","Organization","5","null","/orgs/MS/sources/brimunobiologico/concepts/5/","775641005","null","/orgs/SNOMED/sources/sct/concepts/775641005/","MS","Organization","/orgs/MS/sources/brimunobiologico/","brimunobiologico","SNOMED","Organization","/orgs/SNOMED/sources/sct/","sct","/orgs/MS/sources/brimunobiologico/mappings/141/","406","141","406","/orgs/MS/sources/brimunobiologico/mappings/141/","false","null","/orgs/MS/sources/brimunobiologico/mappings/141/407/","406","2023-04-04T19:38:44.532291Z","null","null","DT","Vaccine product containing only Clostridium tetani toxoid adsorbed and Corynebacterium diphtheriae toxoid antigens (medicinal product)","Mapping","null"
"null","false","SAME-AS","brimunobiologico","MS","Organization","1","null","/orgs/MS/sources/brimunobiologico/concepts/1/","863911006","null","/orgs/SNOMED/sources/sct/concepts/863911006/","MS","Organization","/orgs/MS/sources/brimunobiologico/","brimunobiologico","SNOMED","Organization","/orgs/SNOMED/sources/sct/","sct","/orgs/MS/sources/brimunobiologico/mappings/140/","404","140","404","/orgs/MS/sources/brimunobiologico/mappings/140/","false","null","/orgs/MS/sources/brimunobiologico/mappings/140/405/","404","2023-04-04T19:38:29.221474Z","null","null","IGHT","Vaccine product containing Clostridium tetani antigen (medicinal product)","Mapping","null"
